scenario,has_carbon_price_in_raw_data,carbon_price_flag,records_in_final_data,year_range_in_final_data,years_available
CO_2Deg2020,True,✅ HAD_CARBON_PRICE,13524,2025-2050,6
CO_2Deg2030,True,✅ HAD_CARBON_PRICE,13408,2025-2050,6
CO_Bridge,True,✅ HAD_CARBON_PRICE,13980,2025-2050,6
CO_CurPol,True,✅ HAD_CARBON_PRICE,13415,2025-2050,6
CO_GPP,True,✅ HAD_CARBON_PRICE,13633,2025-2050,6
CO_NDCplus,True,✅ HAD_CARBON_PRICE,12959,2025-2050,6
EN_INDCi2030_1000,True,✅ HAD_CARBON_PRICE,16433,2025-2050,6
EN_INDCi2030_1000f,True,✅ HAD_CARBON_PRICE,18159,2025-2050,6
EN_INDCi2030_1200,True,✅ HAD_CARBON_PRICE,15408,2025-2050,6
EN_INDCi2030_1200f,True,✅ HAD_CARBON_PRICE,15412,2025-2050,6
EN_INDCi2030_1400,True,✅ HAD_CARBON_PRICE,18192,2025-2050,6
EN_INDCi2030_1400f,True,✅ HAD_CARBON_PRICE,18192,2025-2050,6
EN_INDCi2030_1600,True,✅ HAD_CARBON_PRICE,13113,2025-2050,6
EN_INDCi2030_1600f,True,✅ HAD_CARBON_PRICE,13113,2025-2050,6
EN_INDCi2030_1800,True,✅ HAD_CARBON_PRICE,14007,2025-2050,6
EN_INDCi2030_1800f,True,✅ HAD_CARBON_PRICE,14007,2025-2050,6
EN_INDCi2030_3000,True,✅ HAD_CARBON_PRICE,11823,2025-2050,6
EN_INDCi2030_3000f,True,✅ HAD_CARBON_PRICE,11823,2025-2050,6
EN_INDCi2030_800_NDCp,True,✅ HAD_CARBON_PRICE,2160,2025-2050,6
EN_INDCi2030_800f,True,✅ HAD_CARBON_PRICE,16267,2025-2050,6
EN_INDCi2030_900_NDCp,True,✅ HAD_CARBON_PRICE,2160,2025-2050,6
EN_INDCi2030_900f,True,✅ HAD_CARBON_PRICE,13053,2025-2050,6
EN_INDCi2100,True,✅ HAD_CARBON_PRICE,18402,2025-2050,6
EN_NP_2025_-1002050,True,✅ HAD_CARBON_PRICE,1964,2025-2050,6
EN_NP_2025_-302050,True,✅ HAD_CARBON_PRICE,1386,2025-2050,6
EN_NP_2025_-402050,True,✅ HAD_CARBON_PRICE,1494,2025-2050,6
EN_NP_2025_-502050,True,✅ HAD_CARBON_PRICE,2046,2025-2050,6
EN_NP_2025_-602050,True,✅ HAD_CARBON_PRICE,1610,2025-2050,6
EN_NP_2025_-752050,True,✅ HAD_CARBON_PRICE,882,2025-2050,6
EN_NP_2025_-802050,True,✅ HAD_CARBON_PRICE,1778,2025-2050,6
EN_NP_2025_-902050,True,✅ HAD_CARBON_PRICE,1722,2025-2050,6
EN_NP_CurPol,True,✅ HAD_CARBON_PRICE,2240,2025-2050,6
EN_NP_UNDC,True,✅ HAD_CARBON_PRICE,2290,2025-2050,6
EN_NPi2020_1000,True,✅ HAD_CARBON_PRICE,18144,2025-2050,6
EN_NPi2020_1000f,True,✅ HAD_CARBON_PRICE,18186,2025-2050,6
EN_NPi2020_1200,True,✅ HAD_CARBON_PRICE,15437,2025-2050,6
EN_NPi2020_1200f,True,✅ HAD_CARBON_PRICE,15456,2025-2050,6
EN_NPi2020_1400,True,✅ HAD_CARBON_PRICE,18240,2025-2050,6
EN_NPi2020_1400f,True,✅ HAD_CARBON_PRICE,18252,2025-2050,6
EN_NPi2020_1600,True,✅ HAD_CARBON_PRICE,13161,2025-2050,6
EN_NPi2020_1600f,True,✅ HAD_CARBON_PRICE,13161,2025-2050,6
EN_NPi2020_1800,True,✅ HAD_CARBON_PRICE,14046,2025-2050,6
EN_NPi2020_1800f,True,✅ HAD_CARBON_PRICE,14046,2025-2050,6
EN_NPi2020_3000,True,✅ HAD_CARBON_PRICE,11826,2025-2050,6
EN_NPi2020_3000f,True,✅ HAD_CARBON_PRICE,11826,2025-2050,6
EN_NPi2020_300f,True,✅ HAD_CARBON_PRICE,6903,2025-2050,6
EN_NPi2020_400f,True,✅ HAD_CARBON_PRICE,13857,2025-2050,6
EN_NPi2020_500f,True,✅ HAD_CARBON_PRICE,13875,2025-2050,6
EN_NPi2020_600,True,✅ HAD_CARBON_PRICE,13836,2025-2050,6
EN_NPi2020_600f,True,✅ HAD_CARBON_PRICE,16243,2025-2050,6
EN_NPi2020_700,True,✅ HAD_CARBON_PRICE,11094,2025-2050,6
EN_NPi2020_700f,True,✅ HAD_CARBON_PRICE,11151,2025-2050,6
EN_NPi2020_800,True,✅ HAD_CARBON_PRICE,18107,2025-2050,6
EN_NPi2020_800f,True,✅ HAD_CARBON_PRICE,18147,2025-2050,6
EN_NPi2020_900,True,✅ HAD_CARBON_PRICE,13029,2025-2050,6
EN_NPi2020_900f,True,✅ HAD_CARBON_PRICE,13053,2025-2050,6
EN_NPi2100,True,✅ HAD_CARBON_PRICE,17928,2025-2050,6
SSP1_SPA1_19I_D,True,✅ HAD_CARBON_PRICE,2346,2025-2050,6
SSP1_SPA1_19I_D_LB,True,✅ HAD_CARBON_PRICE,2343,2025-2050,6
SSP1_SPA1_19I_LI,True,✅ HAD_CARBON_PRICE,2346,2025-2050,6
SSP1_SPA1_19I_LIRE,True,✅ HAD_CARBON_PRICE,2346,2025-2050,6
SSP1_SPA1_19I_LIRE_LB,True,✅ HAD_CARBON_PRICE,2343,2025-2050,6
SSP1_SPA1_19I_RE,True,✅ HAD_CARBON_PRICE,2346,2025-2050,6
SSP1_SPA1_19I_RE_LB,True,✅ HAD_CARBON_PRICE,2343,2025-2050,6
SSP1_SPA1_26I_D,True,✅ HAD_CARBON_PRICE,2346,2025-2050,6
SSP1_SPA1_26I_LI,True,✅ HAD_CARBON_PRICE,2346,2025-2050,6
SSP1_SPA1_26I_LIRE,True,✅ HAD_CARBON_PRICE,2346,2025-2050,6
SSP1_SPA1_26I_RE,True,✅ HAD_CARBON_PRICE,2346,2025-2050,6
SSP1_SPA1_34I_D,True,✅ HAD_CARBON_PRICE,2346,2025-2050,6
SSP2_SPA1_19I_D_LB,True,✅ HAD_CARBON_PRICE,2345,2025-2050,6
SSP2_SPA1_19I_LIRE_LB,True,✅ HAD_CARBON_PRICE,2343,2025-2050,6
SSP2_SPA1_19I_RE_LB,True,✅ HAD_CARBON_PRICE,2344,2025-2050,6
SSP2_SPA2_19I_D,True,✅ HAD_CARBON_PRICE,2346,2025-2050,6
SSP2_SPA2_19I_LI,True,✅ HAD_CARBON_PRICE,2344,2025-2050,6
SSP2_SPA2_19I_LIRE,True,✅ HAD_CARBON_PRICE,2343,2025-2050,6
SSP2_SPA2_19I_RE,True,✅ HAD_CARBON_PRICE,2342,2025-2050,6
SSP2_SPA2_26I_D,True,✅ HAD_CARBON_PRICE,2346,2025-2050,6
SSP2_SPA2_26I_LI,True,✅ HAD_CARBON_PRICE,2344,2025-2050,6
SSP2_SPA2_26I_LIRE,True,✅ HAD_CARBON_PRICE,2343,2025-2050,6
SSP2_SPA2_26I_RE,True,✅ HAD_CARBON_PRICE,2345,2025-2050,6
SSP2_SPA2_34I_D,True,✅ HAD_CARBON_PRICE,2346,2025-2050,6
SSP2_SPA2_34I_LI,True,✅ HAD_CARBON_PRICE,2344,2025-2050,6
SSP2_SPA2_34I_LIRE,True,✅ HAD_CARBON_PRICE,2343,2025-2050,6
SSP2_SPA2_34I_RE,True,✅ HAD_CARBON_PRICE,2344,2025-2050,6
SSP2_SPA2_45I_D,True,✅ HAD_CARBON_PRICE,2346,2025-2050,6
SSP2_SPA2_45I_LI,True,✅ HAD_CARBON_PRICE,2344,2025-2050,6
SSP2_SPA2_45I_LIRE,True,✅ HAD_CARBON_PRICE,2343,2025-2050,6
SSP2_SPA2_45I_RE,True,✅ HAD_CARBON_PRICE,2344,2025-2050,6
BAU_PR,False,❌ NO_CARBON_PRICE,104,2030-2050,3
CO_Baseline,False,❌ NO_CARBON_PRICE,204,2025-2050,6
EN_NDCUnc2030_-100pc2050,False,❌ NO_CARBON_PRICE,744,2025-2050,6
EN_NDCUnc2030_-30pc2050,False,❌ NO_CARBON_PRICE,684,2025-2050,6
EN_NDCUnc2030_-40pc2050,False,❌ NO_CARBON_PRICE,696,2025-2050,6
EN_NDCUnc2030_-50pc2050,False,❌ NO_CARBON_PRICE,744,2025-2050,6
EN_NDCUnc2030_-60pc2050,False,❌ NO_CARBON_PRICE,744,2025-2050,6
EN_NDCUnc2030_-70pc2050,False,❌ NO_CARBON_PRICE,732,2025-2050,6
EN_NDCUnc2030_-80pc2050,False,❌ NO_CARBON_PRICE,744,2025-2050,6
EN_NDCUnc2030_-90pc2050,False,❌ NO_CARBON_PRICE,744,2025-2050,6
EN_NPi,False,❌ NO_CARBON_PRICE,552,2025-2050,6
Gradual Development 1.0,False,❌ NO_CARBON_PRICE,1869,2025-2050,6
NDCUnc2030_-100pc2050,False,❌ NO_CARBON_PRICE,924,2025-2050,6
NDCUnc2030_-30pc2050,False,❌ NO_CARBON_PRICE,900,2025-2050,6
NDCUnc2030_-40pc2050,False,❌ NO_CARBON_PRICE,900,2025-2050,6
NDCUnc2030_-50pc2050,False,❌ NO_CARBON_PRICE,924,2025-2050,6
NDCUnc2030_-60pc2050,False,❌ NO_CARBON_PRICE,924,2025-2050,6
NDCUnc2030_-70pc2050,False,❌ NO_CARBON_PRICE,924,2025-2050,6
NDCUnc2030_-80pc2050,False,❌ NO_CARBON_PRICE,924,2025-2050,6
NDCUnc2030_-90pc2050,False,❌ NO_CARBON_PRICE,924,2025-2050,6
"NGFS1_Current policies (Hot house world, Rep)",False,❌ NO_CARBON_PRICE,2022,2025-2050,6
"NGFS1_Immediate 2C with CDR (Orderly, Rep)",False,❌ NO_CARBON_PRICE,2640,2025-2050,6
PR_CP_CarbonPriceOnly,False,❌ NO_CARBON_PRICE,102,2030-2050,3
PR_CP_CarbonPrice_1,False,❌ NO_CARBON_PRICE,102,2030-2050,3
PR_CP_EmIntensity_1,False,❌ NO_CARBON_PRICE,102,2030-2050,3
PR_NDC_CarbonPriceOnly,False,❌ NO_CARBON_PRICE,102,2030-2050,3
PR_NDC_CarbonPrice_1,False,❌ NO_CARBON_PRICE,111,2030-2050,3
PR_NDC_EmIntensity_1,False,❌ NO_CARBON_PRICE,111,2030-2050,3
SDS,False,❌ NO_CARBON_PRICE,2160,2025-2050,6
Societal Commitment 1.0,False,❌ NO_CARBON_PRICE,1797,2025-2050,6
