scenario_provider,scenario,stringency_correct
AIM/CGE 2.2,EN_INDCi2030_1000f,C3
AIM/CGE 2.2,EN_INDCi2030_1200,C4
AIM/CGE 2.2,EN_INDCi2030_1200f,C4
AIM/CGE 2.2,EN_INDCi2030_1400,C4
AIM/CGE 2.2,EN_INDCi2030_1400f,C4
AIM/CGE 2.2,EN_INDCi2030_1600,C5
AIM/CGE 2.2,EN_INDCi2030_1600f,C5
AIM/CGE 2.2,EN_INDCi2030_1800,C5
AIM/CGE 2.2,EN_INDCi2030_1800f,C5
AIM/CGE 2.2,EN_INDCi2030_800f,C3
AIM/CGE 2.2,EN_INDCi2030_900f,C3
AIM/CGE 2.2,EN_INDCi2100,C6
AIM/CGE 2.2,EN_NPi2020_1000,C3
AIM/CGE 2.2,EN_NPi2020_1000f,C3
AIM/CGE 2.2,EN_NPi2020_1200,C3
AIM/CGE 2.2,EN_NPi2020_1200f,C4
AIM/CGE 2.2,EN_NPi2020_1400,C4
AIM/CGE 2.2,EN_NPi2020_1400f,C4
AIM/CGE 2.2,EN_NPi2020_1600,C5
AIM/CGE 2.2,EN_NPi2020_1600f,C5
AIM/CGE 2.2,EN_NPi2020_1800,C5
AIM/CGE 2.2,EN_NPi2020_1800f,C5
AIM/CGE 2.2,EN_NPi2020_300f,C1
AIM/CGE 2.2,EN_NPi2020_400f,C2
AIM/CGE 2.2,EN_NPi2020_500f,C2
AIM/CGE 2.2,EN_NPi2020_600,C1
AIM/CGE 2.2,EN_NPi2020_600f,C2
AIM/CGE 2.2,EN_NPi2020_700,C3
AIM/CGE 2.2,EN_NPi2020_700f,C3
AIM/CGE 2.2,EN_NPi2020_800,C3
AIM/CGE 2.2,EN_NPi2020_800f,C3
AIM/CGE 2.2,EN_NPi2020_900,C3
AIM/CGE 2.2,EN_NPi2020_900f,C3
AIM/CGE 2.2,EN_NPi2100,C7
AIM/CGE-Korea 2.1,CO_2Deg2020,UNKNOWN
AIM/CGE-Korea 2.1,CO_2Deg2030,UNKNOWN
AIM/CGE-Korea 2.1,CO_BAU,UNKNOWN
AIM/CGE-Korea 2.1,CO_Bridge,UNKNOWN
AIM/CGE-Korea 2.1,CO_CurPol,UNKNOWN
AIM/CGE-Korea 2.1,CO_GPP,UNKNOWN
AIM/CGE-Korea 2.1,CO_NDCMCS,UNKNOWN
AIM/Enduse-Japan 2.1,EN_NP_2025_-1002050,UNKNOWN
AIM/Enduse-Japan 2.1,EN_NP_2025_-502050,UNKNOWN
AIM/Enduse-Japan 2.1,EN_NP_2025_-602050,UNKNOWN
AIM/Enduse-Japan 2.1,EN_NP_2025_-702050,UNKNOWN
AIM/Enduse-Japan 2.1,EN_NP_2025_-802050,UNKNOWN
AIM/Enduse-Japan 2.1,EN_NP_2025_-902050,UNKNOWN
AIM/Enduse-Japan 2.1,EN_NP_BL,UNKNOWN
AIM/Enduse-Japan 2.1,EN_NP_CurPol,UNKNOWN
AIM/Enduse-Japan 2.1,EN_NP_UNDC,UNKNOWN
AIM/Hub-Japan 2.1,EN_NP_2025_-1002050,UNKNOWN
AIM/Hub-Japan 2.1,EN_NP_2025_-302050,UNKNOWN
AIM/Hub-Japan 2.1,EN_NP_2025_-402050,UNKNOWN
AIM/Hub-Japan 2.1,EN_NP_2025_-502050,UNKNOWN
AIM/Hub-Japan 2.1,EN_NP_2025_-602050,UNKNOWN
AIM/Hub-Japan 2.1,EN_NP_2025_-702050,UNKNOWN
AIM/Hub-Japan 2.1,EN_NP_2025_-802050,UNKNOWN
AIM/Hub-Japan 2.1,EN_NP_2025_-902050,UNKNOWN
AIM/Hub-Japan 2.1,EN_NP_CurPol,UNKNOWN
AIM/Hub-Japan 2.1,EN_NP_UNDC,UNKNOWN
AIM/Hub-Korea 2.0,EN_NP_2025_-1002050,UNKNOWN
AIM/Hub-Korea 2.0,EN_NP_2025_-302050,UNKNOWN
AIM/Hub-Korea 2.0,EN_NP_2025_-402050,UNKNOWN
AIM/Hub-Korea 2.0,EN_NP_2025_-502050,UNKNOWN
AIM/Hub-Korea 2.0,EN_NP_2025_-602050,UNKNOWN
AIM/Hub-Korea 2.0,EN_NP_2025_-702050,UNKNOWN
AIM/Hub-Korea 2.0,EN_NP_2025_-802050,UNKNOWN
AIM/Hub-Korea 2.0,EN_NP_2025_-902050,UNKNOWN
AIM/Hub-Korea 2.0,EN_NP_CurPol,UNKNOWN
AIM/Hub-Korea 2.0,EN_NP_UNDC,UNKNOWN
COFFEE 1.1,CO_2Deg2020,C4
COFFEE 1.1,CO_2Deg2030,C4
COFFEE 1.1,CO_BAU,C7
COFFEE 1.1,CO_Bridge,C3
COFFEE 1.1,CO_CurPol,C6
COFFEE 1.1,CO_GPP,C5
COFFEE 1.1,CO_NDCplus,C6
COFFEE 1.1,EN_INDCi2030_1000,C4
COFFEE 1.1,EN_INDCi2030_1000_NDCp,C4
COFFEE 1.1,EN_INDCi2030_1000f,C5
COFFEE 1.1,EN_INDCi2030_1200,C4
COFFEE 1.1,EN_INDCi2030_1200f,C5
COFFEE 1.1,EN_INDCi2030_1400,C5
COFFEE 1.1,EN_INDCi2030_1400f,C5
COFFEE 1.1,EN_INDCi2030_1600,C5
COFFEE 1.1,EN_INDCi2030_1600f,C5
COFFEE 1.1,EN_INDCi2030_1800,C5
COFFEE 1.1,EN_INDCi2030_1800f,C5
COFFEE 1.1,EN_INDCi2030_2000,C5
COFFEE 1.1,EN_INDCi2030_2000f,C5
COFFEE 1.1,EN_INDCi2030_2500,C6
COFFEE 1.1,EN_INDCi2030_2500f,C6
COFFEE 1.1,EN_INDCi2030_400f,C2
COFFEE 1.1,EN_INDCi2030_500,C3
COFFEE 1.1,EN_INDCi2030_500f,C2
COFFEE 1.1,EN_INDCi2030_600,C3
COFFEE 1.1,EN_INDCi2030_600_NDCp,C3
COFFEE 1.1,EN_INDCi2030_600f,C4
COFFEE 1.1,EN_INDCi2030_700,C3
COFFEE 1.1,EN_INDCi2030_700f,C4
COFFEE 1.1,EN_INDCi2030_800,C3
COFFEE 1.1,EN_INDCi2030_800f,C4
COFFEE 1.1,EN_INDCi2030_900,C3
COFFEE 1.1,EN_INDCi2030_900f,C4
COFFEE 1.1,EN_INDCi2100,C6
COFFEE 1.1,EN_INDCi2100_COV_NDCp,C6
COFFEE 1.1,EN_NPi2020_1000,C4
COFFEE 1.1,EN_NPi2020_1000f,C5
COFFEE 1.1,EN_NPi2020_1200,C4
COFFEE 1.1,EN_NPi2020_1200f,C5
COFFEE 1.1,EN_NPi2020_1400,C5
COFFEE 1.1,EN_NPi2020_1400f,C5
COFFEE 1.1,EN_NPi2020_1600,C5
COFFEE 1.1,EN_NPi2020_1600f,C5
COFFEE 1.1,EN_NPi2020_1800,C5
COFFEE 1.1,EN_NPi2020_1800f,C5
COFFEE 1.1,EN_NPi2020_2000,C5
COFFEE 1.1,EN_NPi2020_2000f,C5
COFFEE 1.1,EN_NPi2020_2500,C6
COFFEE 1.1,EN_NPi2020_2500f,C6
COFFEE 1.1,EN_NPi2020_400,C1
COFFEE 1.1,EN_NPi2020_400_lowBECCS,C3
COFFEE 1.1,EN_NPi2020_400f,C2
COFFEE 1.1,EN_NPi2020_400f_lowBECCS,C3
COFFEE 1.1,EN_NPi2020_500,C3
COFFEE 1.1,EN_NPi2020_500f,C2
COFFEE 1.1,EN_NPi2020_600,C3
COFFEE 1.1,EN_NPi2020_600f,C4
COFFEE 1.1,EN_NPi2020_700,C3
COFFEE 1.1,EN_NPi2020_700f,C4
COFFEE 1.1,EN_NPi2020_800,C3
COFFEE 1.1,EN_NPi2020_800f,C4
COFFEE 1.1,EN_NPi2020_900,C3
COFFEE 1.1,EN_NPi2020_900f,C4
COFFEE 1.1,EN_NPi2100,C6
EPPA 6,2CNow_Gradual,C4
EPPA 6,Paris1.5C_OptTax,C3
EPPA 6,Paris2C_Gradual,C4
EPPA 6,Paris2C_OptTax,C4
EPPA 6,ParisFlat,C6
EPPA 6,ParisForever,C7
EPPA 6,Ref,C7
GCAM 5.2,"NGFS1_Current policies (Hot house world, Rep)",C7
GCAM 5.2,"NGFS1_Immediate 2C with CDR (Orderly, Rep)",C4
GCAM 5.3,NGFS2_Below 2°C,C3
GCAM 5.3,NGFS2_Current Policies,C7
GCAM 5.3,NGFS2_Delayed Transition,C4
GCAM 5.3,NGFS2_Divergent Net Zero Policies,C2
GCAM 5.3,NGFS2_Nationally Determined Contributions (NDCs),C5
GCAM 5.3,NGFS2_Net-Zero 2050,C2
GCAM 5.3,R_BAU,C7
GCAM 5.3,R_MAC_30_n0,C1
GCAM 5.3,R_MAC_35_n0,C3
GCAM 5.3,R_MAC_35_n8,C1
GCAM 5.3,R_MAC_40_n0,C3
GCAM 5.3,R_MAC_40_n8,C1
GCAM 5.3,R_MAC_45_n0,C3
GCAM 5.3,R_MAC_45_n8,C1
GCAM 5.3,R_MAC_50_n0,C3
GCAM 5.3,R_MAC_50_n8,C1
GCAM 5.3,R_MAC_55_n0,C3
GCAM 5.3,R_MAC_55_n8,C2
GCAM 5.3,R_MAC_60_n0,C3
GCAM 5.3,R_MAC_60_n8,C2
GCAM 5.3,R_MAC_65_n0,C3
GCAM 5.3,R_MAC_65_n8,C3
GCAM 5.3,R_MAC_70_n0,C4
GCAM 5.3,R_MAC_70_n8,C3
GCAM 5.3,R_MAC_75_n0,C4
GCAM 5.3,R_MAC_75_n8,C3
GCAM 5.3,R_MAC_80_n0,C4
GCAM 5.3,R_MAC_80_n8,C4
GCAM 5.3,R_MAC_85_n0,C5
GCAM 5.3,R_MAC_85_n8,C4
GCAM 5.3,R_MAC_90_n0,C5
GCAM 5.3,R_MAC_90_n8,C4
GCAM 5.3,R_MAC_95_n0,C5
GCAM 5.3,R_MAC_95_n8,C4
GCAM 5.3,R_MAC_99_n0,C5
GCAM 5.3,R_MAC_99_n8,C5
GCAM 5.3,SSP_SSP2,C3
GCAM 5.3,SSP_SSP3,C2
GCAM 5.3,SSP_SSP4,C2
GCAM 5.3,SSP_SSP5,C3
GCAM-PR 5.3,PR_CP_PriceOnly,C7
GCAM-PR 5.3,PR_NDC_PriceOnly,C6
GCAM-PR 5.3,PR_baseline,C7
GEM-E3_V2021,EN_INDCi2030_1000,C3
GEM-E3_V2021,EN_INDCi2030_1000_COV,C3
GEM-E3_V2021,EN_INDCi2030_1000_COV_NDCp,C3
GEM-E3_V2021,EN_INDCi2030_1000_NDCp,C3
GEM-E3_V2021,EN_INDCi2030_1000f,C4
GEM-E3_V2021,EN_INDCi2030_1000f_COV,C3
GEM-E3_V2021,EN_INDCi2030_1000f_COV_NDCp,C3
GEM-E3_V2021,EN_INDCi2030_1000f_NDCp,C4
GEM-E3_V2021,EN_INDCi2030_1400,C4
GEM-E3_V2021,EN_INDCi2030_1400f,C4
GEM-E3_V2021,EN_INDCi2030_1800,C5
GEM-E3_V2021,EN_INDCi2030_1800f,C5
GEM-E3_V2021,EN_INDCi2030_600f,C2
GEM-E3_V2021,EN_INDCi2030_600f_COV,C2
GEM-E3_V2021,EN_INDCi2030_600f_COV_NDCp,C2
GEM-E3_V2021,EN_INDCi2030_600f_NDCp,C2
GEM-E3_V2021,EN_INDCi2030_800,C3
GEM-E3_V2021,EN_INDCi2030_800f,C2
GEM-E3_V2021,EN_INDCi2100,C7
GEM-E3_V2021,EN_INDCi2100_COV,C6
GEM-E3_V2021,EN_INDCi2100_COV_NDCp,C6
GEM-E3_V2021,EN_INDCi2100_NDCp,C6
GEM-E3_V2021,EN_NPi2020_1000,C3
GEM-E3_V2021,EN_NPi2020_1000_COV,C3
GEM-E3_V2021,EN_NPi2020_1000f,C4
GEM-E3_V2021,EN_NPi2020_1000f_COV,C3
GEM-E3_V2021,EN_NPi2020_1400,C5
GEM-E3_V2021,EN_NPi2020_1400f,C4
GEM-E3_V2021,EN_NPi2020_1800,C5
GEM-E3_V2021,EN_NPi2020_1800f,C5
GEM-E3_V2021,EN_NPi2020_400f,C2
GEM-E3_V2021,EN_NPi2020_500,C1
GEM-E3_V2021,EN_NPi2020_500f,C2
GEM-E3_V2021,EN_NPi2020_600,C2
GEM-E3_V2021,EN_NPi2020_600_COV,C1
GEM-E3_V2021,EN_NPi2020_600f,C2
GEM-E3_V2021,EN_NPi2020_600f_COV,C2
GEM-E3_V2021,EN_NPi2020_800,C3
GEM-E3_V2021,EN_NPi2020_800f,C3
GEM-E3_V2021,EN_NPi2100,C7
GEM-E3_V2021,EN_NPi2100_COV,C7
IMACLIM 1.1,ADVANCE_2020_1.5C-2100_WP6,UNKNOWN
IMACLIM 1.1,ADVANCE_2020_Med2C_WP6,UNKNOWN
IMACLIM 1.1,ADVANCE_2020_WB2C_WP6,UNKNOWN
IMACLIM 1.1,ADVANCE_2030_Med2C_WP6,UNKNOWN
IMACLIM 1.1,ADVANCE_2030_Price1.5C_WP6,UNKNOWN
IMACLIM 1.1,ADVANCE_2030_WB2C_WP6,UNKNOWN
IMACLIM 1.1,ADVANCE_INDC_WP6,UNKNOWN
IMACLIM 1.1,ADVANCE_NoPolicy_WP6,UNKNOWN
IMACLIM 1.1,ADVANCE_Reference_WP6,UNKNOWN
IMACLIM 1.1,SSP1_NoPolicy_TranspBase,UNKNOWN
IMACLIM 1.1,SSP1_NoPolicy_TranspOpt,UNKNOWN
IMACLIM 1.1,SSP1_RCP34_TranspBase,UNKNOWN
IMACLIM 1.1,SSP1_RCP34_TranspOpt,UNKNOWN
IMACLIM 1.1,SSP1_RCP45_TranspBase,UNKNOWN
IMACLIM 1.1,SSP1_RCP45_TranspOpt,UNKNOWN
IMACLIM 1.1,SSP3_NoPolicy_TranspBase,UNKNOWN
IMACLIM 1.1,SSP3_NoPolicy_TranspOpt,UNKNOWN
IMACLIM 1.1,SSP3_NoPolicy_Transp_111,UNKNOWN
IMACLIM 1.1,SSP3_NoPolicy_Transp_112,UNKNOWN
IMACLIM 1.1,SSP3_NoPolicy_Transp_121,UNKNOWN
IMACLIM 1.1,SSP3_NoPolicy_Transp_211,UNKNOWN
IMACLIM 1.1,SSP3_NoPolicy_Transp_222,UNKNOWN
IMACLIM 1.1,SSP3_RCP26_Transp_111,UNKNOWN
IMACLIM 1.1,SSP3_RCP26_Transp_112,UNKNOWN
IMACLIM 1.1,SSP3_RCP26_Transp_121,UNKNOWN
IMACLIM 1.1,SSP3_RCP26_Transp_211,UNKNOWN
IMACLIM 1.1,SSP3_RCP26_Transp_222,UNKNOWN
IMACLIM 1.1,SSP3_RCP34_TranspBase,UNKNOWN
IMACLIM 1.1,SSP3_RCP34_TranspOpt,UNKNOWN
IMACLIM 1.1,SSP3_RCP34_Transp_111,UNKNOWN
IMACLIM 1.1,SSP3_RCP34_Transp_112,UNKNOWN
IMACLIM 1.1,SSP3_RCP34_Transp_121,UNKNOWN
IMACLIM 1.1,SSP3_RCP34_Transp_211,UNKNOWN
IMACLIM 1.1,SSP3_RCP34_Transp_222,UNKNOWN
IMACLIM 1.1,SSP3_RCP45_TranspBase,UNKNOWN
IMACLIM 1.1,SSP3_RCP45_TranspOpt,UNKNOWN
IMACLIM 1.1,SSP3_RCP45_Transp_111,UNKNOWN
IMACLIM 1.1,SSP3_RCP45_Transp_112,UNKNOWN
IMACLIM 1.1,SSP3_RCP45_Transp_121,UNKNOWN
IMACLIM 1.1,SSP3_RCP45_Transp_211,UNKNOWN
IMACLIM 1.1,SSP3_RCP45_Transp_222,UNKNOWN
IMACLIM 1.1,base_DemandHigh_FossilHigh_TechHigh,UNKNOWN
IMACLIM 1.1,base_DemandHigh_FossilLow_TechHigh,UNKNOWN
IMACLIM 1.1,base_DemandHigh_FossilLow_TechLow,UNKNOWN
IMACLIM 1.1,base_DemandLow_FossilHigh_TechHigh,UNKNOWN
IMACLIM 1.1,base_DemandLow_FossilHigh_TechLow,UNKNOWN
IMACLIM 1.1,base_DemandLow_FossilLow_TechHigh,UNKNOWN
IMACLIM 1.1,base_DemandLow_FossilLow_TechLow,UNKNOWN
IMACLIM 1.1,peak2016_DemandHigh_FossilHigh_TechHigh,UNKNOWN
IMACLIM 1.1,peak2016_DemandHigh_FossilLow_TechHigh,UNKNOWN
IMACLIM 1.1,peak2016_DemandHigh_FossilLow_TechLow,UNKNOWN
IMACLIM 1.1,peak2016_DemandLow_FossilHigh_TechHigh,UNKNOWN
IMACLIM 1.1,peak2016_DemandLow_FossilHigh_TechLow,UNKNOWN
IMACLIM 1.1,peak2016_DemandLow_FossilLow_TechHigh,UNKNOWN
IMACLIM 1.1,peak2016_DemandLow_FossilLow_TechLow,UNKNOWN
IMACLIM 1.1,peak2020_DemandHigh_FossilHigh_TechHigh,UNKNOWN
IMACLIM 1.1,peak2020_DemandHigh_FossilLow_TechHigh,UNKNOWN
IMACLIM 1.1,peak2020_DemandHigh_FossilLow_TechLow,UNKNOWN
IMACLIM 1.1,peak2020_DemandLow_FossilHigh_TechHigh,UNKNOWN
IMACLIM 1.1,peak2020_DemandLow_FossilHigh_TechLow,UNKNOWN
IMACLIM 1.1,peak2020_DemandLow_FossilLow_TechHigh,UNKNOWN
IMACLIM 1.1,peak2020_DemandLow_FossilLow_TechLow,UNKNOWN
IMACLIM 1.1,peak2025_DemandHigh_FossilHigh_TechHigh,UNKNOWN
IMACLIM 1.1,peak2025_DemandHigh_FossilLow_TechHigh,UNKNOWN
IMACLIM 1.1,peak2025_DemandHigh_FossilLow_TechLow,UNKNOWN
IMACLIM 1.1,peak2025_DemandLow_FossilHigh_TechHigh,UNKNOWN
IMACLIM 1.1,peak2025_DemandLow_FossilHigh_TechLow,UNKNOWN
IMACLIM 1.1,peak2025_DemandLow_FossilLow_TechHigh,UNKNOWN
IMACLIM-NLU 1.0,EMF33_tax_hi_none,UNKNOWN
IMACLIM-NLU 1.0,EMF33_tax_lo_none,UNKNOWN
IMAGE 3.0,CO_2Deg2020,C3
IMAGE 3.0,CO_2Deg2030,C3
IMAGE 3.0,CO_BAU,C7
IMAGE 3.0,CO_Bridge,C3
IMAGE 3.0,CO_CurPol,C7
IMAGE 3.0,CO_GPP,C5
IMAGE 3.0,CO_NDCplus,C7
IMAGE 3.0,EN_INDCi2030_1000,C4
IMAGE 3.0,EN_INDCi2030_1000f,C4
IMAGE 3.0,EN_INDCi2030_1200,C4
IMAGE 3.0,EN_INDCi2030_1200f,C4
IMAGE 3.0,EN_INDCi2030_1400,C5
IMAGE 3.0,EN_INDCi2030_1400f,C4
IMAGE 3.0,EN_INDCi2030_3000,C6
IMAGE 3.0,EN_INDCi2030_3000f,C6
IMAGE 3.0,EN_INDCi2030_800f,C3
IMAGE 3.0,EN_INDCi2100,C7
IMAGE 3.0,EN_NPi2020_1000,C3
IMAGE 3.0,EN_NPi2020_1000f,C3
IMAGE 3.0,EN_NPi2020_1200,C4
IMAGE 3.0,EN_NPi2020_1200f,C4
IMAGE 3.0,EN_NPi2020_1400,C4
IMAGE 3.0,EN_NPi2020_1400f,C4
IMAGE 3.0,EN_NPi2020_3000,C6
IMAGE 3.0,EN_NPi2020_3000f,C6
IMAGE 3.0,EN_NPi2020_600f,C3
IMAGE 3.0,EN_NPi2020_800,C3
IMAGE 3.0,EN_NPi2020_800f,C3
IMAGE 3.0,EN_NPi2100,C7
IMAGE 3.0,EN_NoPolicy,C7
IMAGE 3.2,SSP1-baseline,C7
IMAGE 3.2,SSP1_SPA1_19I_D,C2
IMAGE 3.2,SSP1_SPA1_19I_D_LB,C1
IMAGE 3.2,SSP1_SPA1_19I_LI,C2
IMAGE 3.2,SSP1_SPA1_19I_LIRE,C2
IMAGE 3.2,SSP1_SPA1_19I_LIRE_LB,C1
IMAGE 3.2,SSP1_SPA1_19I_RE,C2
IMAGE 3.2,SSP1_SPA1_19I_RE_LB,C1
IMAGE 3.2,SSP1_SPA1_26I_D,C3
IMAGE 3.2,SSP1_SPA1_26I_LI,C3
IMAGE 3.2,SSP1_SPA1_26I_LIRE,C3
IMAGE 3.2,SSP1_SPA1_26I_RE,C3
IMAGE 3.2,SSP1_SPA1_34I_D,C5
IMAGE 3.2,SSP1_SPA1_34I_LI,C5
IMAGE 3.2,SSP1_SPA1_34I_LIRE,C5
IMAGE 3.2,SSP1_SPA1_34I_RE,C5
IMAGE 3.2,SSP2-baseline,C7
IMAGE 3.2,SSP2_SPA0_26I_D,C3
IMAGE 3.2,SSP2_SPA1_19I_D_LB,C1
IMAGE 3.2,SSP2_SPA1_19I_LIRE_LB,C1
IMAGE 3.2,SSP2_SPA1_19I_RE_LB,C1
IMAGE 3.2,SSP2_SPA2_19I_D,C2
IMAGE 3.2,SSP2_SPA2_19I_LI,C1
IMAGE 3.2,SSP2_SPA2_19I_LIRE,C2
IMAGE 3.2,SSP2_SPA2_19I_RE,C2
IMAGE 3.2,SSP2_SPA2_26I_D,C3
IMAGE 3.2,SSP2_SPA2_26I_LI,C3
IMAGE 3.2,SSP2_SPA2_26I_LIRE,C3
IMAGE 3.2,SSP2_SPA2_26I_RE,C3
IMAGE 3.2,SSP2_SPA2_34I_D,C5
IMAGE 3.2,SSP2_SPA2_34I_LI,C5
IMAGE 3.2,SSP2_SPA2_34I_LIRE,C5
IMAGE 3.2,SSP2_SPA2_34I_RE,C5
IMAGE 3.2,SSP2_SPA2_45I_D,C6
IMAGE 3.2,SSP2_SPA2_45I_LI,C6
IMAGE 3.2,SSP2_SPA2_45I_LIRE,C6
IMAGE 3.2,SSP2_SPA2_45I_RE,C6
IMAGE 3.2,SSP3-baseline,C7
IMAGE 3.2,SSP4-baseline,C7
IMAGE 3.2,SSP5-baseline,C8
MESSAGEix-GLOBIOM_1.0,CO_2Deg2020,UNKNOWN
MESSAGEix-GLOBIOM_1.0,CO_2Deg2030,UNKNOWN
MESSAGEix-GLOBIOM_1.0,CO_BAU,UNKNOWN
MESSAGEix-GLOBIOM_1.0,CO_Bridge,UNKNOWN
MESSAGEix-GLOBIOM_1.0,CO_CurPol,UNKNOWN
MESSAGEix-GLOBIOM_1.0,CO_GPP,UNKNOWN
MESSAGEix-GLOBIOM_1.0,CO_NDC_2050convergence,UNKNOWN
MESSAGEix-GLOBIOM_1.0,CO_NDCplus,UNKNOWN
MESSAGEix-GLOBIOM_1.1,EN_INDCi2030_1000,C3
MESSAGEix-GLOBIOM_1.1,EN_INDCi2030_1000_COV,C3
MESSAGEix-GLOBIOM_1.1,EN_INDCi2030_1000_COV_NDCp,C3
MESSAGEix-GLOBIOM_1.1,EN_INDCi2030_1000_NDCp,C3
MESSAGEix-GLOBIOM_1.1,EN_INDCi2030_1000f,C4
MESSAGEix-GLOBIOM_1.1,EN_INDCi2030_1000f_COV,C3
MESSAGEix-GLOBIOM_1.1,EN_INDCi2030_1000f_COV_NDCp,C3
MESSAGEix-GLOBIOM_1.1,EN_INDCi2030_1000f_NDCp,C4
MESSAGEix-GLOBIOM_1.1,EN_INDCi2030_1200,C4
MESSAGEix-GLOBIOM_1.1,EN_INDCi2030_1200_COV,C3
MESSAGEix-GLOBIOM_1.1,EN_INDCi2030_1200_COV_NDCp,C3
MESSAGEix-GLOBIOM_1.1,EN_INDCi2030_1200_NDCp,C4
MESSAGEix-GLOBIOM_1.1,EN_INDCi2030_1200f,C4
MESSAGEix-GLOBIOM_1.1,EN_INDCi2030_1200f_COV,C4
MESSAGEix-GLOBIOM_1.1,EN_INDCi2030_1200f_COV_NDCp,C4
MESSAGEix-GLOBIOM_1.1,EN_INDCi2030_1200f_NDCp,C4
MESSAGEix-GLOBIOM_1.1,EN_INDCi2030_1400,C4
MESSAGEix-GLOBIOM_1.1,EN_INDCi2030_1400_COV,C4
MESSAGEix-GLOBIOM_1.1,EN_INDCi2030_1400_COV_NDCp,C4
MESSAGEix-GLOBIOM_1.1,EN_INDCi2030_1400_NDCp,C4
MESSAGEix-GLOBIOM_1.1,EN_INDCi2030_1400f,C4
MESSAGEix-GLOBIOM_1.1,EN_INDCi2030_1400f_COV,C4
MESSAGEix-GLOBIOM_1.1,EN_INDCi2030_1400f_COV_NDCp,C4
MESSAGEix-GLOBIOM_1.1,EN_INDCi2030_1400f_NDCp,C4
MESSAGEix-GLOBIOM_1.1,EN_INDCi2030_1600,C5
MESSAGEix-GLOBIOM_1.1,EN_INDCi2030_1600_COV,C4
MESSAGEix-GLOBIOM_1.1,EN_INDCi2030_1600_COV_NDCp,C4
MESSAGEix-GLOBIOM_1.1,EN_INDCi2030_1600_NDCp,C5
MESSAGEix-GLOBIOM_1.1,EN_INDCi2030_1600f,C5
MESSAGEix-GLOBIOM_1.1,EN_INDCi2030_1600f_COV,C5
MESSAGEix-GLOBIOM_1.1,EN_INDCi2030_1600f_COV_NDCp,C5
MESSAGEix-GLOBIOM_1.1,EN_INDCi2030_1600f_NDCp,C5
MESSAGEix-GLOBIOM_1.1,EN_INDCi2030_1800,C5
MESSAGEix-GLOBIOM_1.1,EN_INDCi2030_1800_COV,C5
MESSAGEix-GLOBIOM_1.1,EN_INDCi2030_1800_COV_NDCp,C5
MESSAGEix-GLOBIOM_1.1,EN_INDCi2030_1800_NDCp,C5
MESSAGEix-GLOBIOM_1.1,EN_INDCi2030_1800f,C5
MESSAGEix-GLOBIOM_1.1,EN_INDCi2030_1800f_COV,C5
MESSAGEix-GLOBIOM_1.1,EN_INDCi2030_1800f_COV_NDCp,C5
MESSAGEix-GLOBIOM_1.1,EN_INDCi2030_1800f_NDCp,C5
MESSAGEix-GLOBIOM_1.1,EN_INDCi2030_2000,C5
MESSAGEix-GLOBIOM_1.1,EN_INDCi2030_2000_COV,C5
MESSAGEix-GLOBIOM_1.1,EN_INDCi2030_2000_COV_NDCp,C5
MESSAGEix-GLOBIOM_1.1,EN_INDCi2030_2000_NDCp,C5
MESSAGEix-GLOBIOM_1.1,EN_INDCi2030_2000f,C5
MESSAGEix-GLOBIOM_1.1,EN_INDCi2030_2000f_COV,C5
MESSAGEix-GLOBIOM_1.1,EN_INDCi2030_2000f_COV_NDCp,C5
MESSAGEix-GLOBIOM_1.1,EN_INDCi2030_2000f_NDCp,C5
MESSAGEix-GLOBIOM_1.1,EN_INDCi2030_2500,C5
MESSAGEix-GLOBIOM_1.1,EN_INDCi2030_2500_COV,C5
MESSAGEix-GLOBIOM_1.1,EN_INDCi2030_2500_COV_NDCp,C5
MESSAGEix-GLOBIOM_1.1,EN_INDCi2030_2500_NDCp,C5
MESSAGEix-GLOBIOM_1.1,EN_INDCi2030_2500f,C5
MESSAGEix-GLOBIOM_1.1,EN_INDCi2030_2500f_COV,C5
MESSAGEix-GLOBIOM_1.1,EN_INDCi2030_2500f_COV_NDCp,C5
MESSAGEix-GLOBIOM_1.1,EN_INDCi2030_2500f_NDCp,C5
MESSAGEix-GLOBIOM_1.1,EN_INDCi2030_3000,C6
MESSAGEix-GLOBIOM_1.1,EN_INDCi2030_3000_COV,C6
MESSAGEix-GLOBIOM_1.1,EN_INDCi2030_3000_COV_NDCp,C6
MESSAGEix-GLOBIOM_1.1,EN_INDCi2030_3000_NDCp,C6
MESSAGEix-GLOBIOM_1.1,EN_INDCi2030_3000f,C6
MESSAGEix-GLOBIOM_1.1,EN_INDCi2030_3000f_COV,C6
MESSAGEix-GLOBIOM_1.1,EN_INDCi2030_3000f_COV_NDCp,C6
MESSAGEix-GLOBIOM_1.1,EN_INDCi2030_3000f_NDCp,C6
MESSAGEix-GLOBIOM_1.1,EN_INDCi2030_600f_COV,C2
MESSAGEix-GLOBIOM_1.1,EN_INDCi2030_600f_COV_NDCp,C2
MESSAGEix-GLOBIOM_1.1,EN_INDCi2030_700f,C2
MESSAGEix-GLOBIOM_1.1,EN_INDCi2030_700f_COV,C2
MESSAGEix-GLOBIOM_1.1,EN_INDCi2030_700f_COV_NDCp,C2
MESSAGEix-GLOBIOM_1.1,EN_INDCi2030_700f_NDCp,C2
MESSAGEix-GLOBIOM_1.1,EN_INDCi2030_800f,C3
MESSAGEix-GLOBIOM_1.1,EN_INDCi2030_800f_COV,C3
MESSAGEix-GLOBIOM_1.1,EN_INDCi2030_800f_COV_NDCp,C3
MESSAGEix-GLOBIOM_1.1,EN_INDCi2030_800f_NDCp,C3
MESSAGEix-GLOBIOM_1.1,EN_INDCi2030_900f,C3
MESSAGEix-GLOBIOM_1.1,EN_INDCi2030_900f_COV,C3
MESSAGEix-GLOBIOM_1.1,EN_INDCi2030_900f_COV_NDCp,C3
MESSAGEix-GLOBIOM_1.1,EN_INDCi2030_900f_NDCp,C3
MESSAGEix-GLOBIOM_1.1,EN_INDCi2030_950_COV,C3
MESSAGEix-GLOBIOM_1.1,EN_INDCi2030_950_COV_NDCp,C3
MESSAGEix-GLOBIOM_1.1,EN_INDCi2030_950f_COV,C3
MESSAGEix-GLOBIOM_1.1,EN_INDCi2030_950f_COV_NDCp,C3
MESSAGEix-GLOBIOM_1.1,EN_INDCi2100,C6
MESSAGEix-GLOBIOM_1.1,EN_INDCi2100_COV,C6
MESSAGEix-GLOBIOM_1.1,EN_INDCi2100_COV_NDCp,C6
MESSAGEix-GLOBIOM_1.1,EN_INDCi2100_NDCp,C6
MESSAGEix-GLOBIOM_1.1,EN_NPi2020_1000,C3
MESSAGEix-GLOBIOM_1.1,EN_NPi2020_1000_COV,C3
MESSAGEix-GLOBIOM_1.1,EN_NPi2020_1000_DR10p,C3
MESSAGEix-GLOBIOM_1.1,EN_NPi2020_1000_DR1p,C3
MESSAGEix-GLOBIOM_1.1,EN_NPi2020_1000_DR2p,C3
MESSAGEix-GLOBIOM_1.1,EN_NPi2020_1000_DR3p,C3
MESSAGEix-GLOBIOM_1.1,EN_NPi2020_1000_DR4p,C3
MESSAGEix-GLOBIOM_1.1,EN_NPi2020_1000f,C3
MESSAGEix-GLOBIOM_1.1,EN_NPi2020_1000f_COV,C3
MESSAGEix-GLOBIOM_1.1,EN_NPi2020_1000f_DR10p,C4
MESSAGEix-GLOBIOM_1.1,EN_NPi2020_1000f_DR1p,C3
MESSAGEix-GLOBIOM_1.1,EN_NPi2020_1000f_DR2p,C3
MESSAGEix-GLOBIOM_1.1,EN_NPi2020_1000f_DR3p,C3
MESSAGEix-GLOBIOM_1.1,EN_NPi2020_1000f_DR4p,C3
MESSAGEix-GLOBIOM_1.1,EN_NPi2020_1200,C3
MESSAGEix-GLOBIOM_1.1,EN_NPi2020_1200_COV,C3
MESSAGEix-GLOBIOM_1.1,EN_NPi2020_1200f,C4
MESSAGEix-GLOBIOM_1.1,EN_NPi2020_1200f_COV,C4
MESSAGEix-GLOBIOM_1.1,EN_NPi2020_1400,C4
MESSAGEix-GLOBIOM_1.1,EN_NPi2020_1400_COV,C4
MESSAGEix-GLOBIOM_1.1,EN_NPi2020_1400f,C4
MESSAGEix-GLOBIOM_1.1,EN_NPi2020_1400f_COV,C4
MESSAGEix-GLOBIOM_1.1,EN_NPi2020_1600,C4
MESSAGEix-GLOBIOM_1.1,EN_NPi2020_1600_COV,C4
MESSAGEix-GLOBIOM_1.1,EN_NPi2020_1600f,C5
MESSAGEix-GLOBIOM_1.1,EN_NPi2020_1600f_COV,C4
MESSAGEix-GLOBIOM_1.1,EN_NPi2020_1800,C5
MESSAGEix-GLOBIOM_1.1,EN_NPi2020_1800_COV,C5
MESSAGEix-GLOBIOM_1.1,EN_NPi2020_1800f,C5
MESSAGEix-GLOBIOM_1.1,EN_NPi2020_1800f_COV,C5
MESSAGEix-GLOBIOM_1.1,EN_NPi2020_2000,C5
MESSAGEix-GLOBIOM_1.1,EN_NPi2020_2000_COV,C5
MESSAGEix-GLOBIOM_1.1,EN_NPi2020_2000f,C5
MESSAGEix-GLOBIOM_1.1,EN_NPi2020_2000f_COV,C5
MESSAGEix-GLOBIOM_1.1,EN_NPi2020_200f,C2
MESSAGEix-GLOBIOM_1.1,EN_NPi2020_2500,C5
MESSAGEix-GLOBIOM_1.1,EN_NPi2020_2500_COV,C5
MESSAGEix-GLOBIOM_1.1,EN_NPi2020_2500f,C5
MESSAGEix-GLOBIOM_1.1,EN_NPi2020_2500f_COV,C5
MESSAGEix-GLOBIOM_1.1,EN_NPi2020_3000,C6
MESSAGEix-GLOBIOM_1.1,EN_NPi2020_3000_COV,C6
MESSAGEix-GLOBIOM_1.1,EN_NPi2020_3000f,C6
MESSAGEix-GLOBIOM_1.1,EN_NPi2020_3000f_COV,C6
MESSAGEix-GLOBIOM_1.1,EN_NPi2020_300f,C2
MESSAGEix-GLOBIOM_1.1,EN_NPi2020_400f,C2
MESSAGEix-GLOBIOM_1.1,EN_NPi2020_450,C1
MESSAGEix-GLOBIOM_1.1,EN_NPi2020_450f,C2
MESSAGEix-GLOBIOM_1.1,EN_NPi2020_500,C1
MESSAGEix-GLOBIOM_1.1,EN_NPi2020_500f,C2
MESSAGEix-GLOBIOM_1.1,EN_NPi2020_600,C2
MESSAGEix-GLOBIOM_1.1,EN_NPi2020_600_COV,C1
MESSAGEix-GLOBIOM_1.1,EN_NPi2020_600_DR10p,C2
MESSAGEix-GLOBIOM_1.1,EN_NPi2020_600_DR1p,C1
MESSAGEix-GLOBIOM_1.1,EN_NPi2020_600_DR2p,C1
MESSAGEix-GLOBIOM_1.1,EN_NPi2020_600_DR3p,C1
MESSAGEix-GLOBIOM_1.1,EN_NPi2020_600_DR4p,C1
MESSAGEix-GLOBIOM_1.1,EN_NPi2020_600f,C2
MESSAGEix-GLOBIOM_1.1,EN_NPi2020_600f_COV,C2
MESSAGEix-GLOBIOM_1.1,EN_NPi2020_600f_DR10p,C2
MESSAGEix-GLOBIOM_1.1,EN_NPi2020_600f_DR1p,C2
MESSAGEix-GLOBIOM_1.1,EN_NPi2020_600f_DR2p,C2
MESSAGEix-GLOBIOM_1.1,EN_NPi2020_600f_DR3p,C2
MESSAGEix-GLOBIOM_1.1,EN_NPi2020_600f_DR4p,C2
MESSAGEix-GLOBIOM_1.1,EN_NPi2020_700,C2
MESSAGEix-GLOBIOM_1.1,EN_NPi2020_700_COV,C2
MESSAGEix-GLOBIOM_1.1,EN_NPi2020_700f,C2
MESSAGEix-GLOBIOM_1.1,EN_NPi2020_700f_COV,C2
MESSAGEix-GLOBIOM_1.1,EN_NPi2020_800,C3
MESSAGEix-GLOBIOM_1.1,EN_NPi2020_800_COV,C3
MESSAGEix-GLOBIOM_1.1,EN_NPi2020_800f,C3
MESSAGEix-GLOBIOM_1.1,EN_NPi2020_800f_COV,C3
MESSAGEix-GLOBIOM_1.1,EN_NPi2020_900,C3
MESSAGEix-GLOBIOM_1.1,EN_NPi2020_900_COV,C3
MESSAGEix-GLOBIOM_1.1,EN_NPi2020_900f,C3
MESSAGEix-GLOBIOM_1.1,EN_NPi2020_900f_COV,C3
MESSAGEix-GLOBIOM_1.1,EN_NPi2100,C7
MESSAGEix-GLOBIOM_1.1,EN_NPi2100_COV,C7
MESSAGEix-GLOBIOM_1.1,EN_NoPolicy,C7
MESSAGEix-GLOBIOM_1.1,NGFS2_Below 2°C,C3
MESSAGEix-GLOBIOM_1.1,NGFS2_Current Policies,C7
MESSAGEix-GLOBIOM_1.1,NGFS2_Delayed Transition,C3
MESSAGEix-GLOBIOM_1.1,NGFS2_Divergent Net Zero Policies,C1
MESSAGEix-GLOBIOM_1.1,NGFS2_Nationally Determined Contributions (NDCs),C5
MESSAGEix-GLOBIOM_1.1,NGFS2_Net-Zero 2050,C1
MESSAGEix-GLOBIOM_1.2,COV_GreenPush,C7
MESSAGEix-GLOBIOM_1.2,COV_GreenPush_1000,C3
MESSAGEix-GLOBIOM_1.2,COV_GreenPush_550,C1
MESSAGEix-GLOBIOM_1.2,COV_GreenPush_max_GDP,C7
MESSAGEix-GLOBIOM_1.2,COV_GreenPush_min_GDP,C7
MESSAGEix-GLOBIOM_1.2,COV_NoPolicyNoCOVID,C7
MESSAGEix-GLOBIOM_1.2,COV_NoPolicyNoCOVID_1000,C3
MESSAGEix-GLOBIOM_1.2,COV_NoPolicyNoCOVID_550,C1
MESSAGEix-GLOBIOM_1.2,COV_Restore,C7
MESSAGEix-GLOBIOM_1.2,COV_Restore_1000,C3
MESSAGEix-GLOBIOM_1.2,COV_Restore_550,C1
MESSAGEix-GLOBIOM_1.2,COV_SelfReliance,C7
MESSAGEix-GLOBIOM_1.2,COV_SelfReliance_1000,C3
MESSAGEix-GLOBIOM_1.2,COV_SelfReliance_550,C1
MESSAGEix-GLOBIOM_1.2,COV_SelfReliance_max_GDP,C7
MESSAGEix-GLOBIOM_1.2,COV_SelfReliance_min_GDP,C7
MESSAGEix-GLOBIOM_1.2,COV_SmartUse,C7
MESSAGEix-GLOBIOM_1.2,COV_SmartUse_1000,C3
MESSAGEix-GLOBIOM_1.2,COV_SmartUse_550,C1
MESSAGEix-GLOBIOM_GEI 1.0,SSP2_int_lc_15,C5
MESSAGEix-GLOBIOM_GEI 1.0,SSP2_int_lc_50,C3
MESSAGEix-GLOBIOM_GEI 1.0,SSP2_int_mc_15,C5
MESSAGEix-GLOBIOM_GEI 1.0,SSP2_int_mc_50,C2
MESSAGEix-GLOBIOM_GEI 1.0,SSP2_noint_lc_15,C5
MESSAGEix-GLOBIOM_GEI 1.0,SSP2_noint_lc_50,C3
MESSAGEix-GLOBIOM_GEI 1.0,SSP2_noint_mc_15,C5
MESSAGEix-GLOBIOM_GEI 1.0,SSP2_noint_mc_50,C2
MESSAGEix-GLOBIOM_GEI 1.0,SSP2_openres_lc_100,C2
MESSAGEix-GLOBIOM_GEI 1.0,SSP2_openres_lc_120,C2
MESSAGEix-GLOBIOM_GEI 1.0,SSP2_openres_lc_15,C5
MESSAGEix-GLOBIOM_GEI 1.0,SSP2_openres_lc_50,C3
MESSAGEix-GLOBIOM_GEI 1.0,SSP2_openres_lc_80,C2
MESSAGEix-GLOBIOM_GEI 1.0,SSP2_openres_lc_CB400,C2
MESSAGEix-GLOBIOM_GEI 1.0,SSP2_openres_lc_CB450,C2
MESSAGEix-GLOBIOM_GEI 1.0,SSP2_openres_lc_CB500,C2
MESSAGEix-GLOBIOM_GEI 1.0,SSP2_openres_lc_CB550,C2
MESSAGEix-GLOBIOM_GEI 1.0,SSP2_openres_lc_CB600,C2
MESSAGEix-GLOBIOM_GEI 1.0,SSP2_openres_mc_15,C5
MESSAGEix-GLOBIOM_GEI 1.0,SSP2_openres_mc_50,C2
POLES ENGAGE,EN_INDCi2030_1000,C4
POLES ENGAGE,EN_INDCi2030_1000_COV,C4
POLES ENGAGE,EN_INDCi2030_1000_COV_NDCp,C4
POLES ENGAGE,EN_INDCi2030_1000_NDCp,C4
POLES ENGAGE,EN_INDCi2030_1000f,C4
POLES ENGAGE,EN_INDCi2030_1000f_COV,C4
POLES ENGAGE,EN_INDCi2030_1000f_COV_NDCp,C4
POLES ENGAGE,EN_INDCi2030_1000f_NDCp,C4
POLES ENGAGE,EN_INDCi2030_1200,C4
POLES ENGAGE,EN_INDCi2030_1200f,C4
POLES ENGAGE,EN_INDCi2030_1400,C5
POLES ENGAGE,EN_INDCi2030_1400f,C5
POLES ENGAGE,EN_INDCi2030_1600,C5
POLES ENGAGE,EN_INDCi2030_1600f,C5
POLES ENGAGE,EN_INDCi2030_1800,C5
POLES ENGAGE,EN_INDCi2030_1800f,C5
POLES ENGAGE,EN_INDCi2030_2000,C5
POLES ENGAGE,EN_INDCi2030_2000f,C5
POLES ENGAGE,EN_INDCi2030_2500,C6
POLES ENGAGE,EN_INDCi2030_2500f,C6
POLES ENGAGE,EN_INDCi2030_3000,C6
POLES ENGAGE,EN_INDCi2030_3000f,C6
POLES ENGAGE,EN_INDCi2030_300f,C2
POLES ENGAGE,EN_INDCi2030_400f,C2
POLES ENGAGE,EN_INDCi2030_500f,C3
POLES ENGAGE,EN_INDCi2030_600f,C3
POLES ENGAGE,EN_INDCi2030_600f_COV,C3
POLES ENGAGE,EN_INDCi2030_600f_COV_NDCp,C3
POLES ENGAGE,EN_INDCi2030_600f_NDCp,C3
POLES ENGAGE,EN_INDCi2030_700f,C3
POLES ENGAGE,EN_INDCi2030_800f,C4
POLES ENGAGE,EN_INDCi2030_900,C3
POLES ENGAGE,EN_INDCi2030_900f,C4
POLES ENGAGE,EN_INDCi2100,C7
POLES ENGAGE,EN_INDCi2100_COV,C7
POLES ENGAGE,EN_INDCi2100_COV_NDCp,C6
POLES ENGAGE,EN_INDCi2100_NDCp,C6
POLES ENGAGE,EN_NPi2020_1000,C4
POLES ENGAGE,EN_NPi2020_1000_COV,C4
POLES ENGAGE,EN_NPi2020_1000f,C4
POLES ENGAGE,EN_NPi2020_1000f_COV,C4
POLES ENGAGE,EN_NPi2020_1200,C4
POLES ENGAGE,EN_NPi2020_1200f,C4
POLES ENGAGE,EN_NPi2020_1400,C5
POLES ENGAGE,EN_NPi2020_1400f,C5
POLES ENGAGE,EN_NPi2020_1600,C5
POLES ENGAGE,EN_NPi2020_1600f,C5
POLES ENGAGE,EN_NPi2020_1800,C5
POLES ENGAGE,EN_NPi2020_1800f,C5
POLES ENGAGE,EN_NPi2020_2000,C5
POLES ENGAGE,EN_NPi2020_2000f,C5
POLES ENGAGE,EN_NPi2020_2500,C6
POLES ENGAGE,EN_NPi2020_2500f,C6
POLES ENGAGE,EN_NPi2020_3000,C6
POLES ENGAGE,EN_NPi2020_3000f,C6
POLES ENGAGE,EN_NPi2020_300f,C2
POLES ENGAGE,EN_NPi2020_400f,C2
POLES ENGAGE,EN_NPi2020_500,C3
POLES ENGAGE,EN_NPi2020_500f,C3
POLES ENGAGE,EN_NPi2020_600,C3
POLES ENGAGE,EN_NPi2020_600f,C3
POLES ENGAGE,EN_NPi2020_600f_COV,C3
POLES ENGAGE,EN_NPi2020_700,C3
POLES ENGAGE,EN_NPi2020_700f,C3
POLES ENGAGE,EN_NPi2020_800,C3
POLES ENGAGE,EN_NPi2020_800f,C4
POLES ENGAGE,EN_NPi2020_900,C3
POLES ENGAGE,EN_NPi2020_900f,C4
POLES ENGAGE,EN_NPi2100,C7
POLES ENGAGE,EN_NPi2100_COV,C7
POLES GECO2019,CO_2Deg2020,C3
POLES GECO2019,CO_2Deg2030,C3
POLES GECO2019,CO_BAU,C7
POLES GECO2019,CO_Bridge,C2
POLES GECO2019,CO_Bridge_notax,C4
POLES GECO2019,CO_CurPol,C7
POLES GECO2019,CO_GPP,C5
POLES GECO2019,CO_GPP_notax,C7
POLES GECO2019,CO_NDC_2050convergence,C6
POLES GECO2019,CO_NDCplus,C7
POLES GECO2019,NDCMCS,UNKNOWN
REMIND 2.1,CEMICS_GDPgrowth_1p5,C1
REMIND 2.1,CEMICS_GDPgrowth_2C,C3
REMIND 2.1,CEMICS_HotellingConst_1p5,C1
REMIND 2.1,CEMICS_HotellingConst_2C,C3
REMIND 2.1,CEMICS_Linear_1p5,C1
REMIND 2.1,CEMICS_Linear_2C,C3
REMIND 2.1,CEMICS_NPI,C7
REMIND 2.1,CEMICS_opt_1p5,C1
REMIND 2.1,CEMICS_opt_2C,C3
REMIND 2.1,LeastTotalCost_Base_brkLR15_SSP1_P50,C6
REMIND 2.1,LeastTotalCost_Base_brkLR15_SSP2_P50,C7
REMIND 2.1,LeastTotalCost_Base_brkLR15_SSP5_P50,C8
REMIND 2.1,LeastTotalCost_Base_brkSR15_SSP1_P50,C6
REMIND 2.1,LeastTotalCost_Base_brkSR15_SSP2_P50,C7
REMIND 2.1,LeastTotalCost_Base_brkSR15_SSP5_P50,C8
REMIND 2.1,LeastTotalCost_CBA_brkLR15_SSP2_P50,C3
REMIND 2.1,LeastTotalCost_CBA_brkSR15_SSP2_P50,C3
REMIND 2.1,LeastTotalCost_CEA_brkLR15_SSP2_P50,C3
REMIND 2.1,LeastTotalCost_CEA_brkSR15_SSP2_P50,C3
REMIND 2.1,LeastTotalCost_LTC_brkLR15_SSP1_P50,C1
REMIND 2.1,LeastTotalCost_LTC_brkLR15_SSP2_P50,C3
REMIND 2.1,LeastTotalCost_LTC_brkLR15_SSP5_P50,C3
REMIND 2.1,LeastTotalCost_LTC_brkSR15_SSP1_P50,C2
REMIND 2.1,LeastTotalCost_LTC_brkSR15_SSP2_P50,C3
REMIND 2.1,LeastTotalCost_LTC_brkSR15_SSP5_P50,C3
REMIND 2.1,LeastTotalCost_NDC_brkLR15_SSP2_P50,C5
REMIND 2.1,LeastTotalCost_NDC_brkSR15_SSP2_P50,C5
REMIND 2.1,LeastTotalCost_NPi_brkLR15_SSP1_P50,C5
REMIND 2.1,LeastTotalCost_NPi_brkLR15_SSP2_P50,C7
REMIND 2.1,LeastTotalCost_NPi_brkLR15_SSP5_P50,C8
REMIND 2.1,LeastTotalCost_NPi_brkSR15_SSP1_P50,C5
REMIND 2.1,LeastTotalCost_NPi_brkSR15_SSP2_P50,C7
REMIND 2.1,LeastTotalCost_NPi_brkSR15_SSP5_P50,C8
REMIND 2.1,R2p1_SSP1-Base,C6
REMIND 2.1,R2p1_SSP1-NDC,C5
REMIND 2.1,R2p1_SSP1-NPi,C5
REMIND 2.1,R2p1_SSP1-PkBudg1100,C2
REMIND 2.1,R2p1_SSP1-PkBudg1300,C2
REMIND 2.1,R2p1_SSP1-PkBudg900,C1
REMIND 2.1,R2p1_SSP2-Base,C7
REMIND 2.1,R2p1_SSP2-NDC,C5
REMIND 2.1,R2p1_SSP2-NPi,C7
REMIND 2.1,R2p1_SSP2-PkBudg1100,C3
REMIND 2.1,R2p1_SSP2-PkBudg1300,C3
REMIND 2.1,R2p1_SSP2-PkBudg900,C1
REMIND 2.1,R2p1_SSP5-Base,C8
REMIND 2.1,R2p1_SSP5-NDC,C7
REMIND 2.1,R2p1_SSP5-NPi,C8
REMIND 2.1,R2p1_SSP5-PkBudg1100,C2
REMIND 2.1,R2p1_SSP5-PkBudg1300,C3
REMIND 2.1,R2p1_SSP5-PkBudg900,C1
REMIND 2.1,TechCost-SSP2-B1100-bioH,C3
REMIND 2.1,TechCost-SSP2-B1100-ccsH,C3
REMIND 2.1,TechCost-SSP2-B1100-coalH,C3
REMIND 2.1,TechCost-SSP2-B1100-elh2H,C3
REMIND 2.1,TechCost-SSP2-B1100-gasH,C3
REMIND 2.1,TechCost-SSP2-B1100-nucH,C3
REMIND 2.1,TechCost-SSP2-B1100-oilH,C3
REMIND 2.1,TechCost-SSP2-B1100-spvH,C3
REMIND 2.1,TechCost-SSP2-B1100-windH,C3
REMIND-Buildings 2.0,BEG-Base,C7
REMIND-Buildings 2.0,BEG-Budg600,C2
REMIND-Buildings 2.0,BEG-Budg600-EG,C2
REMIND-Buildings 2.0,BEG-EG,C7
REMIND-H13 2.1,START_BAU,UNKNOWN
REMIND-H13 2.1,START_Current_Policies,UNKNOWN
REMIND-H13 2.1,START_Net-zero,UNKNOWN
REMIND-H13 2.1,START_Net-zero_noLandUse_CDRlim,UNKNOWN
REMIND-H13 2.1,START_Net-zero_noNuc_lowVRE,UNKNOWN
REMIND-MAgPIE 1.7-3.0,CD-LINKS_INDC2030i_1000,C2
REMIND-MAgPIE 1.7-3.0,CD-LINKS_INDC2030i_1600,C4
REMIND-MAgPIE 1.7-3.0,CD-LINKS_INDC2030i_400,C2
REMIND-MAgPIE 1.7-3.0,CD-LINKS_INDCi,C7
REMIND-MAgPIE 1.7-3.0,CD-LINKS_NPi,C7
REMIND-MAgPIE 1.7-3.0,CD-LINKS_NPi2020_1000,C2
REMIND-MAgPIE 1.7-3.0,CD-LINKS_NPi2020_1600,C4
REMIND-MAgPIE 1.7-3.0,CD-LINKS_NPi2020_400,C1
REMIND-MAgPIE 1.7-3.0,CD-LINKS_NoPolicy,C7
REMIND-MAgPIE 1.7-3.0,CO_2Deg2020,C2
REMIND-MAgPIE 1.7-3.0,CO_2Deg2030,C2
REMIND-MAgPIE 1.7-3.0,CO_BAU,C7
REMIND-MAgPIE 1.7-3.0,CO_Bridge,C2
REMIND-MAgPIE 1.7-3.0,CO_CurPol,C7
REMIND-MAgPIE 1.7-3.0,CO_GPP,C5
REMIND-MAgPIE 1.7-3.0,CO_NDCplus,C7
REMIND-MAgPIE 1.7-3.0,PEP_1p5C_full_NDC,C2
REMIND-MAgPIE 1.7-3.0,PEP_1p5C_full_eff,C1
REMIND-MAgPIE 1.7-3.0,PEP_1p5C_full_goodpractice,C2
REMIND-MAgPIE 1.7-3.0,PEP_1p5C_full_netzero,C2
REMIND-MAgPIE 1.7-3.0,PEP_1p5C_red_eff,C1
REMIND-MAgPIE 1.7-3.0,PEP_2C_full_NDC,C2
REMIND-MAgPIE 1.7-3.0,PEP_2C_full_eff,C2
REMIND-MAgPIE 1.7-3.0,PEP_2C_full_goodpractice,C2
REMIND-MAgPIE 1.7-3.0,PEP_2C_full_netzero,C2
REMIND-MAgPIE 1.7-3.0,PEP_2C_red_NDC,C2
REMIND-MAgPIE 1.7-3.0,PEP_2C_red_eff,C1
REMIND-MAgPIE 1.7-3.0,PEP_2C_red_goodpractice,C2
REMIND-MAgPIE 1.7-3.0,PEP_2C_red_netzero,C2
REMIND-MAgPIE 1.7-3.0,PEP_NDC,C7
REMIND-MAgPIE 1.7-3.0,PEP_NPi,C7
REMIND-MAgPIE 1.7-3.0,PEP_NoPolicy,C7
REMIND-MAgPIE 1.7-3.0,PEP_goodpractice,C6
REMIND-MAgPIE 1.7-3.0,PEP_netzero,C5
REMIND-MAgPIE 2.0-4.1,Diff_1300Gt_hybrid_def,C3
REMIND-MAgPIE 2.0-4.1,Diff_1300Gt_no-transfer_def,C3
REMIND-MAgPIE 2.0-4.1,Diff_1300Gt_uniform-pricing_def,C3
REMIND-MAgPIE 2.0-4.1,Diff_No-policy_baseline,C7
REMIND-MAgPIE 2.1-4.2,CEMICS_SSP1-1p5C-fullCDR,C1
REMIND-MAgPIE 2.1-4.2,CEMICS_SSP1-1p5C-minCDR,C1
REMIND-MAgPIE 2.1-4.2,CEMICS_SSP1-Npi,C6
REMIND-MAgPIE 2.1-4.2,CEMICS_SSP2-1p5C-fullCDR,C1
REMIND-MAgPIE 2.1-4.2,CEMICS_SSP2-1p5C-minCDR,C1
REMIND-MAgPIE 2.1-4.2,CEMICS_SSP2-2C-fullCDR,C3
REMIND-MAgPIE 2.1-4.2,CEMICS_SSP2-2C-minCDR,C3
REMIND-MAgPIE 2.1-4.2,CEMICS_SSP2-Npi,C7
REMIND-MAgPIE 2.1-4.2,EN_INDCi2030_1000,C3
REMIND-MAgPIE 2.1-4.2,EN_INDCi2030_1000_COV,C3
REMIND-MAgPIE 2.1-4.2,EN_INDCi2030_1000_COV_NDCp,C3
REMIND-MAgPIE 2.1-4.2,EN_INDCi2030_1000_NDCp,C3
REMIND-MAgPIE 2.1-4.2,EN_INDCi2030_1000f,C3
REMIND-MAgPIE 2.1-4.2,EN_INDCi2030_1000f_COV,C3
REMIND-MAgPIE 2.1-4.2,EN_INDCi2030_1000f_COV_NDCp,C3
REMIND-MAgPIE 2.1-4.2,EN_INDCi2030_1000f_NDCp,C3
REMIND-MAgPIE 2.1-4.2,EN_INDCi2030_1200,C3
REMIND-MAgPIE 2.1-4.2,EN_INDCi2030_1200f,C3
REMIND-MAgPIE 2.1-4.2,EN_INDCi2030_1400,C4
REMIND-MAgPIE 2.1-4.2,EN_INDCi2030_1400f,C4
REMIND-MAgPIE 2.1-4.2,EN_INDCi2030_1600,C5
REMIND-MAgPIE 2.1-4.2,EN_INDCi2030_1600f,C5
REMIND-MAgPIE 2.1-4.2,EN_INDCi2030_1800,C5
REMIND-MAgPIE 2.1-4.2,EN_INDCi2030_1800f,C5
REMIND-MAgPIE 2.1-4.2,EN_INDCi2030_2000,C5
REMIND-MAgPIE 2.1-4.2,EN_INDCi2030_2000f,C5
REMIND-MAgPIE 2.1-4.2,EN_INDCi2030_2500,C6
REMIND-MAgPIE 2.1-4.2,EN_INDCi2030_2500f,C6
REMIND-MAgPIE 2.1-4.2,EN_INDCi2030_3000,C6
REMIND-MAgPIE 2.1-4.2,EN_INDCi2030_3000f,C6
REMIND-MAgPIE 2.1-4.2,EN_INDCi2030_300f,C2
REMIND-MAgPIE 2.1-4.2,EN_INDCi2030_400f,C2
REMIND-MAgPIE 2.1-4.2,EN_INDCi2030_500f,C2
REMIND-MAgPIE 2.1-4.2,EN_INDCi2030_600_COV,C2
REMIND-MAgPIE 2.1-4.2,EN_INDCi2030_600_COV_NDCp,C2
REMIND-MAgPIE 2.1-4.2,EN_INDCi2030_600f,C2
REMIND-MAgPIE 2.1-4.2,EN_INDCi2030_600f_COV,C2
REMIND-MAgPIE 2.1-4.2,EN_INDCi2030_600f_COV_NDCp,C2
REMIND-MAgPIE 2.1-4.2,EN_INDCi2030_600f_NDCp,C2
REMIND-MAgPIE 2.1-4.2,EN_INDCi2030_700,C3
REMIND-MAgPIE 2.1-4.2,EN_INDCi2030_700f,C3
REMIND-MAgPIE 2.1-4.2,EN_INDCi2030_800,C3
REMIND-MAgPIE 2.1-4.2,EN_INDCi2030_800f,C3
REMIND-MAgPIE 2.1-4.2,EN_INDCi2030_900,C3
REMIND-MAgPIE 2.1-4.2,EN_INDCi2030_900f,C3
REMIND-MAgPIE 2.1-4.2,EN_INDCi2100,C5
REMIND-MAgPIE 2.1-4.2,EN_INDCi2100_COV,C5
REMIND-MAgPIE 2.1-4.2,EN_INDCi2100_COV_NDCp,C5
REMIND-MAgPIE 2.1-4.2,EN_INDCi2100_NDCp,C5
REMIND-MAgPIE 2.1-4.2,EN_NPi2020_1000,C3
REMIND-MAgPIE 2.1-4.2,EN_NPi2020_1000_COV,C3
REMIND-MAgPIE 2.1-4.2,EN_NPi2020_1000f,C3
REMIND-MAgPIE 2.1-4.2,EN_NPi2020_1000f_COV,C3
REMIND-MAgPIE 2.1-4.2,EN_NPi2020_1200,C3
REMIND-MAgPIE 2.1-4.2,EN_NPi2020_1200f,C3
REMIND-MAgPIE 2.1-4.2,EN_NPi2020_1400,C4
REMIND-MAgPIE 2.1-4.2,EN_NPi2020_1400f,C4
REMIND-MAgPIE 2.1-4.2,EN_NPi2020_1600,C4
REMIND-MAgPIE 2.1-4.2,EN_NPi2020_1600f,C4
REMIND-MAgPIE 2.1-4.2,EN_NPi2020_1800,C5
REMIND-MAgPIE 2.1-4.2,EN_NPi2020_1800f,C5
REMIND-MAgPIE 2.1-4.2,EN_NPi2020_2000,C5
REMIND-MAgPIE 2.1-4.2,EN_NPi2020_2000f,C5
REMIND-MAgPIE 2.1-4.2,EN_NPi2020_200f,C1
REMIND-MAgPIE 2.1-4.2,EN_NPi2020_2500,C6
REMIND-MAgPIE 2.1-4.2,EN_NPi2020_2500f,C6
REMIND-MAgPIE 2.1-4.2,EN_NPi2020_3000,C6
REMIND-MAgPIE 2.1-4.2,EN_NPi2020_3000f,C6
REMIND-MAgPIE 2.1-4.2,EN_NPi2020_300f,C1
REMIND-MAgPIE 2.1-4.2,EN_NPi2020_400,C1
REMIND-MAgPIE 2.1-4.2,EN_NPi2020_400f,C1
REMIND-MAgPIE 2.1-4.2,EN_NPi2020_500,C1
REMIND-MAgPIE 2.1-4.2,EN_NPi2020_500f,C2
REMIND-MAgPIE 2.1-4.2,EN_NPi2020_600,C1
REMIND-MAgPIE 2.1-4.2,EN_NPi2020_600_COV,C1
REMIND-MAgPIE 2.1-4.2,EN_NPi2020_600f,C2
REMIND-MAgPIE 2.1-4.2,EN_NPi2020_600f_COV,C1
REMIND-MAgPIE 2.1-4.2,EN_NPi2020_700,C3
REMIND-MAgPIE 2.1-4.2,EN_NPi2020_700f,C3
REMIND-MAgPIE 2.1-4.2,EN_NPi2020_800,C3
REMIND-MAgPIE 2.1-4.2,EN_NPi2020_800f,C3
REMIND-MAgPIE 2.1-4.2,EN_NPi2020_900,C3
REMIND-MAgPIE 2.1-4.2,EN_NPi2020_900f,C3
REMIND-MAgPIE 2.1-4.2,EN_NPi2100,C7
REMIND-MAgPIE 2.1-4.2,EN_NPi2100_COV,C7
REMIND-MAgPIE 2.1-4.2,EN_NoPolicy,C7
REMIND-MAgPIE 2.1-4.2,NGFS2_Below 2°C,C3
REMIND-MAgPIE 2.1-4.2,NGFS2_Below 2°C - IPD-95th,C3
REMIND-MAgPIE 2.1-4.2,NGFS2_Below 2°C - IPD-median,C3
REMIND-MAgPIE 2.1-4.2,NGFS2_Current Policies,C7
REMIND-MAgPIE 2.1-4.2,NGFS2_Current Policies - IPD-95th,C7
REMIND-MAgPIE 2.1-4.2,NGFS2_Current Policies - IPD-median,C7
REMIND-MAgPIE 2.1-4.2,NGFS2_Delayed Transition,C3
REMIND-MAgPIE 2.1-4.2,NGFS2_Divergent Net Zero Policies,C1
REMIND-MAgPIE 2.1-4.2,NGFS2_Nationally Determined Contributions (NDCs),C5
REMIND-MAgPIE 2.1-4.2,NGFS2_Net-Zero 2050,C1
REMIND-MAgPIE 2.1-4.2,NGFS2_Net-Zero 2050 - IPD-95th,C1
REMIND-MAgPIE 2.1-4.2,NGFS2_Net-Zero 2050 - IPD-median,C1
REMIND-MAgPIE 2.1-4.2,SusDev_SDP-NPi,C5
REMIND-MAgPIE 2.1-4.2,SusDev_SDP-PkBudg1000,C1
REMIND-MAgPIE 2.1-4.2,SusDev_SSP1-NDC,C5
REMIND-MAgPIE 2.1-4.2,SusDev_SSP1-NPi,C5
REMIND-MAgPIE 2.1-4.2,SusDev_SSP1-PkBudg900,C1
REMIND-MAgPIE 2.1-4.2,SusDev_SSP2-NDC,C5
REMIND-MAgPIE 2.1-4.2,SusDev_SSP2-NPi,C7
REMIND-MAgPIE 2.1-4.2,SusDev_SSP2-PkBudg900,C1
REMIND-MAgPIE 2.1-4.3,DeepElec_SSP2_ HighRE_Budg1100,C3
REMIND-MAgPIE 2.1-4.3,DeepElec_SSP2_ HighRE_Budg1300,C3
REMIND-MAgPIE 2.1-4.3,DeepElec_SSP2_ HighRE_Budg900,C1
REMIND-MAgPIE 2.1-4.3,DeepElec_SSP2_Base,C7
REMIND-MAgPIE 2.1-4.3,DeepElec_SSP2_Npi,C7
REMIND-MAgPIE 2.1-4.3,DeepElec_SSP2_def_Budg1100,C2
REMIND-MAgPIE 2.1-4.3,DeepElec_SSP2_def_Budg1300,C3
REMIND-MAgPIE 2.1-4.3,DeepElec_SSP2_def_Budg900,C1
REMIND-Transport 2.1,Transport_Budg1100_Conv,C3
REMIND-Transport 2.1,Transport_Budg1100_Conv-LowD,C3
REMIND-Transport 2.1,Transport_Budg1100_ConvSyn,C3
REMIND-Transport 2.1,Transport_Budg1100_ElecPush,C3
REMIND-Transport 2.1,Transport_Budg1100_ElecPush-LowD,C3
REMIND-Transport 2.1,Transport_Budg1100_H2Push,C3
REMIND-Transport 2.1,Transport_NDC_Conv,C6
REMIND-Transport 2.1,Transport_NPi_Conv,C7
TIAM-ECN 1.1,EN_INDCi2030_1000,C3
TIAM-ECN 1.1,EN_INDCi2030_1000_COV,C3
TIAM-ECN 1.1,EN_INDCi2030_1000_NDCp,C3
TIAM-ECN 1.1,EN_INDCi2030_1000f,C3
TIAM-ECN 1.1,EN_INDCi2030_1000f_COV,C3
TIAM-ECN 1.1,EN_INDCi2030_1000f_NDCp,C3
TIAM-ECN 1.1,EN_INDCi2030_1200,C3
TIAM-ECN 1.1,EN_INDCi2030_1200f,C3
TIAM-ECN 1.1,EN_INDCi2030_1400,C4
TIAM-ECN 1.1,EN_INDCi2030_1400f,C4
TIAM-ECN 1.1,EN_INDCi2030_1600,C4
TIAM-ECN 1.1,EN_INDCi2030_1600f,C5
TIAM-ECN 1.1,EN_INDCi2030_2000,C5
TIAM-ECN 1.1,EN_INDCi2030_2000f,C5
TIAM-ECN 1.1,EN_INDCi2030_2500,C5
TIAM-ECN 1.1,EN_INDCi2030_2500f,C5
TIAM-ECN 1.1,EN_INDCi2030_3000,C6
TIAM-ECN 1.1,EN_INDCi2030_3000f,C6
TIAM-ECN 1.1,EN_INDCi2030_900,C3
TIAM-ECN 1.1,EN_INDCi2030_900f,C3
TIAM-ECN 1.1,EN_INDCi2100,C7
TIAM-ECN 1.1,EN_INDCi2100_COV,C7
TIAM-ECN 1.1,EN_INDCi2100_NDCp,C7
TIAM-ECN 1.1,EN_NPi2020_1000,C3
TIAM-ECN 1.1,EN_NPi2020_1000_COV,C3
TIAM-ECN 1.1,EN_NPi2020_1000f,C3
TIAM-ECN 1.1,EN_NPi2020_1000f_COV,C3
TIAM-ECN 1.1,EN_NPi2020_1200,C3
TIAM-ECN 1.1,EN_NPi2020_1200f,C3
TIAM-ECN 1.1,EN_NPi2020_1400,C4
TIAM-ECN 1.1,EN_NPi2020_1400f,C4
TIAM-ECN 1.1,EN_NPi2020_1600,C4
TIAM-ECN 1.1,EN_NPi2020_1600f,C5
TIAM-ECN 1.1,EN_NPi2020_2000,C5
TIAM-ECN 1.1,EN_NPi2020_2000f,C5
TIAM-ECN 1.1,EN_NPi2020_2500,C5
TIAM-ECN 1.1,EN_NPi2020_2500f,C5
TIAM-ECN 1.1,EN_NPi2020_3000,C6
TIAM-ECN 1.1,EN_NPi2020_3000f,C6
TIAM-ECN 1.1,EN_NPi2020_800,C3
TIAM-ECN 1.1,EN_NPi2020_800f,C3
TIAM-ECN 1.1,EN_NPi2020_900,C3
TIAM-ECN 1.1,EN_NPi2020_900f,C3
TIAM-ECN 1.1,EN_NPi2100,C7
TIAM-ECN 1.1,EN_NPi2100_COV,C7
WITCH 4.6,DISCRATE_Ref_dr2p,C8
WITCH 4.6,DISCRATE_Ref_dr3p,C8
WITCH 4.6,DISCRATE_Ref_dr4p,C8
WITCH 4.6,DISCRATE_Ref_dr5p,C8
WITCH 5.0,CO_2Deg2020,C3
WITCH 5.0,CO_2Deg2030,C3
WITCH 5.0,CO_BAU,C7
WITCH 5.0,CO_Bridge,C3
WITCH 5.0,CO_CurPol,C7
WITCH 5.0,CO_GPP,C5
WITCH 5.0,CO_NDC_2050convergence,C5
WITCH 5.0,CO_NDCplus,C6
WITCH 5.0,EN_INDCi2030_1000,C3
WITCH 5.0,EN_INDCi2030_1000_NDCp,C3
WITCH 5.0,EN_INDCi2030_1000f,C3
WITCH 5.0,EN_INDCi2030_1000f_NDCp,C3
WITCH 5.0,EN_INDCi2030_1200,C4
WITCH 5.0,EN_INDCi2030_1200_NDCp,C4
WITCH 5.0,EN_INDCi2030_1200f,C4
WITCH 5.0,EN_INDCi2030_1200f_NDCp,C4
WITCH 5.0,EN_INDCi2030_1400,C4
WITCH 5.0,EN_INDCi2030_1400_NDCp,C4
WITCH 5.0,EN_INDCi2030_1400f,C4
WITCH 5.0,EN_INDCi2030_1400f_NDCp,C4
WITCH 5.0,EN_INDCi2030_1600,C5
WITCH 5.0,EN_INDCi2030_1600_NDCp,C5
WITCH 5.0,EN_INDCi2030_1600f,C5
WITCH 5.0,EN_INDCi2030_1600f_NDCp,C5
WITCH 5.0,EN_INDCi2030_1800,C5
WITCH 5.0,EN_INDCi2030_1800_NDCp,C5
WITCH 5.0,EN_INDCi2030_1800f,C5
WITCH 5.0,EN_INDCi2030_1800f_NDCp,C5
WITCH 5.0,EN_INDCi2030_2000,C5
WITCH 5.0,EN_INDCi2030_2000_NDCp,C5
WITCH 5.0,EN_INDCi2030_2000f,C5
WITCH 5.0,EN_INDCi2030_2000f_NDCp,C5
WITCH 5.0,EN_INDCi2030_2500,C5
WITCH 5.0,EN_INDCi2030_2500_NDCp,C5
WITCH 5.0,EN_INDCi2030_2500f,C5
WITCH 5.0,EN_INDCi2030_2500f_NDCp,C5
WITCH 5.0,EN_INDCi2030_3000,C6
WITCH 5.0,EN_INDCi2030_3000_NDCp,C6
WITCH 5.0,EN_INDCi2030_3000f,C6
WITCH 5.0,EN_INDCi2030_3000f_NDCp,C6
WITCH 5.0,EN_INDCi2030_500f,C2
WITCH 5.0,EN_INDCi2030_600f,C3
WITCH 5.0,EN_INDCi2030_600f_NDCp,C3
WITCH 5.0,EN_INDCi2030_700f,C3
WITCH 5.0,EN_INDCi2030_700f_NDCp,C3
WITCH 5.0,EN_INDCi2030_800,C3
WITCH 5.0,EN_INDCi2030_800_NDCp,C3
WITCH 5.0,EN_INDCi2030_800f,C3
WITCH 5.0,EN_INDCi2030_800f_NDCp,C3
WITCH 5.0,EN_INDCi2030_900,C3
WITCH 5.0,EN_INDCi2030_900_NDCp,C3
WITCH 5.0,EN_INDCi2030_900f,C3
WITCH 5.0,EN_INDCi2030_900f_NDCp,C3
WITCH 5.0,EN_INDCi2100,C6
WITCH 5.0,EN_INDCi2100_NDCp,C6
WITCH 5.0,EN_NPi2020_1000,C3
WITCH 5.0,EN_NPi2020_1000f,C3
WITCH 5.0,EN_NPi2020_1200,C4
WITCH 5.0,EN_NPi2020_1200f,C4
WITCH 5.0,EN_NPi2020_1400,C4
WITCH 5.0,EN_NPi2020_1400f,C4
WITCH 5.0,EN_NPi2020_1600,C4
WITCH 5.0,EN_NPi2020_1600f,C4
WITCH 5.0,EN_NPi2020_1800,C5
WITCH 5.0,EN_NPi2020_1800f,C5
WITCH 5.0,EN_NPi2020_2000,C5
WITCH 5.0,EN_NPi2020_2000f,C5
WITCH 5.0,EN_NPi2020_2500,C5
WITCH 5.0,EN_NPi2020_2500f,C5
WITCH 5.0,EN_NPi2020_3000,C6
WITCH 5.0,EN_NPi2020_3000f,C6
WITCH 5.0,EN_NPi2020_400f,C1
WITCH 5.0,EN_NPi2020_450,C1
WITCH 5.0,EN_NPi2020_450f,C1
WITCH 5.0,EN_NPi2020_500,C1
WITCH 5.0,EN_NPi2020_500f,C1
WITCH 5.0,EN_NPi2020_600,C3
WITCH 5.0,EN_NPi2020_600f,C3
WITCH 5.0,EN_NPi2020_700,C3
WITCH 5.0,EN_NPi2020_700f,C3
WITCH 5.0,EN_NPi2020_800,C3
WITCH 5.0,EN_NPi2020_800f,C3
WITCH 5.0,EN_NPi2020_900,C3
WITCH 5.0,EN_NPi2020_900f,C3
WITCH 5.0,EN_NPi2100,C7
WITCH 5.0,EN_NoPolicy,C7
