scenario_provider,scenario,stringency_old,stringency_fixed
AIM/CGE 2.2,EN_INDCi2030_1000f,UNKNOWN,C4
AIM/CGE 2.2,EN_INDCi2030_1200,UNKNOWN,C5
AIM/CGE 2.2,EN_INDCi2030_1200f,UNKNOWN,C5
AIM/CGE 2.2,EN_INDCi2030_1400,UNKNOWN,C6
AIM/CGE 2.2,EN_INDCi2030_1400f,UNKNOWN,C6
AIM/CGE 2.2,EN_INDCi2030_1600,UNKNOWN,C7
AIM/CGE 2.2,EN_INDCi2030_1600f,UNKNOWN,C7
AIM/CGE 2.2,EN_INDCi2030_1800,UNKNOWN,C8
AIM/CGE 2.2,EN_INDCi2030_1800f,UNKNOWN,C8
AIM/CGE 2.2,EN_INDCi2030_800f,UNKNOWN,C3
AIM/CGE 2.2,EN_INDCi2030_900f,UNKNOWN,C4
AIM/CGE 2.2,EN_INDCi2100,UNKNOWN,UNKNOWN
AIM/CGE 2.2,EN_NPi2020_1000,UNKNOWN,C4
AIM/CGE 2.2,EN_NPi2020_1000f,UNKNOWN,C4
AIM/CGE 2.2,EN_NPi2020_1200,UNKNOWN,C5
AIM/CGE 2.2,EN_NPi2020_1200f,UNKNOWN,C5
AIM/CGE 2.2,EN_NPi2020_1400,UNKNOWN,C6
AIM/CGE 2.2,EN_NPi2020_1400f,UNKNOWN,C6
AIM/CGE 2.2,EN_NPi2020_1600,UNKNOWN,C7
AIM/CGE 2.2,EN_NPi2020_1600f,UNKNOWN,C7
AIM/CGE 2.2,EN_NPi2020_1800,UNKNOWN,C8
AIM/CGE 2.2,EN_NPi2020_1800f,UNKNOWN,C8
AIM/CGE 2.2,EN_NPi2020_300f,UNKNOWN,C1
AIM/CGE 2.2,EN_NPi2020_400f,UNKNOWN,C1
AIM/CGE 2.2,EN_NPi2020_500f,UNKNOWN,C2
AIM/CGE 2.2,EN_NPi2020_600,UNKNOWN,C2
AIM/CGE 2.2,EN_NPi2020_600f,UNKNOWN,C2
AIM/CGE 2.2,EN_NPi2020_700,UNKNOWN,C3
AIM/CGE 2.2,EN_NPi2020_700f,UNKNOWN,C3
AIM/CGE 2.2,EN_NPi2020_800,UNKNOWN,C3
AIM/CGE 2.2,EN_NPi2020_800f,UNKNOWN,C3
AIM/CGE 2.2,EN_NPi2020_900,UNKNOWN,C4
AIM/CGE 2.2,EN_NPi2020_900f,UNKNOWN,C4
AIM/CGE 2.2,EN_NPi2100,UNKNOWN,C8
AIM/CGE-Korea 2.1,CO_2Deg2020,UNKNOWN,UNKNOWN
AIM/CGE-Korea 2.1,CO_2Deg2030,UNKNOWN,UNKNOWN
AIM/CGE-Korea 2.1,CO_BAU,UNKNOWN,UNKNOWN
AIM/CGE-Korea 2.1,CO_Bridge,UNKNOWN,UNKNOWN
AIM/CGE-Korea 2.1,CO_CurPol,UNKNOWN,UNKNOWN
AIM/CGE-Korea 2.1,CO_GPP,UNKNOWN,UNKNOWN
AIM/CGE-Korea 2.1,CO_NDCMCS,UNKNOWN,UNKNOWN
AIM/Enduse-Japan 2.1,EN_NP_2025_-1002050,UNKNOWN,UNKNOWN
AIM/Enduse-Japan 2.1,EN_NP_2025_-502050,UNKNOWN,UNKNOWN
AIM/Enduse-Japan 2.1,EN_NP_2025_-602050,UNKNOWN,UNKNOWN
AIM/Enduse-Japan 2.1,EN_NP_2025_-702050,UNKNOWN,UNKNOWN
AIM/Enduse-Japan 2.1,EN_NP_2025_-802050,UNKNOWN,UNKNOWN
AIM/Enduse-Japan 2.1,EN_NP_2025_-902050,UNKNOWN,UNKNOWN
AIM/Enduse-Japan 2.1,EN_NP_BL,UNKNOWN,UNKNOWN
AIM/Enduse-Japan 2.1,EN_NP_CurPol,UNKNOWN,UNKNOWN
AIM/Enduse-Japan 2.1,EN_NP_UNDC,UNKNOWN,UNKNOWN
AIM/Hub-Japan 2.1,EN_NP_2025_-1002050,UNKNOWN,UNKNOWN
AIM/Hub-Japan 2.1,EN_NP_2025_-302050,UNKNOWN,UNKNOWN
AIM/Hub-Japan 2.1,EN_NP_2025_-402050,UNKNOWN,UNKNOWN
AIM/Hub-Japan 2.1,EN_NP_2025_-502050,UNKNOWN,UNKNOWN
AIM/Hub-Japan 2.1,EN_NP_2025_-602050,UNKNOWN,UNKNOWN
AIM/Hub-Japan 2.1,EN_NP_2025_-702050,UNKNOWN,UNKNOWN
AIM/Hub-Japan 2.1,EN_NP_2025_-802050,UNKNOWN,UNKNOWN
AIM/Hub-Japan 2.1,EN_NP_2025_-902050,UNKNOWN,UNKNOWN
AIM/Hub-Japan 2.1,EN_NP_CurPol,UNKNOWN,UNKNOWN
AIM/Hub-Japan 2.1,EN_NP_UNDC,UNKNOWN,UNKNOWN
AIM/Hub-Korea 2.0,EN_NP_2025_-1002050,UNKNOWN,UNKNOWN
AIM/Hub-Korea 2.0,EN_NP_2025_-302050,UNKNOWN,UNKNOWN
AIM/Hub-Korea 2.0,EN_NP_2025_-402050,UNKNOWN,UNKNOWN
AIM/Hub-Korea 2.0,EN_NP_2025_-502050,UNKNOWN,UNKNOWN
AIM/Hub-Korea 2.0,EN_NP_2025_-602050,UNKNOWN,UNKNOWN
AIM/Hub-Korea 2.0,EN_NP_2025_-702050,UNKNOWN,UNKNOWN
AIM/Hub-Korea 2.0,EN_NP_2025_-802050,UNKNOWN,UNKNOWN
AIM/Hub-Korea 2.0,EN_NP_2025_-902050,UNKNOWN,UNKNOWN
AIM/Hub-Korea 2.0,EN_NP_CurPol,UNKNOWN,UNKNOWN
AIM/Hub-Korea 2.0,EN_NP_UNDC,UNKNOWN,UNKNOWN
COFFEE 1.1,CO_2Deg2020,UNKNOWN,UNKNOWN
COFFEE 1.1,CO_2Deg2030,UNKNOWN,UNKNOWN
COFFEE 1.1,CO_BAU,UNKNOWN,UNKNOWN
COFFEE 1.1,CO_Bridge,UNKNOWN,UNKNOWN
COFFEE 1.1,CO_CurPol,UNKNOWN,UNKNOWN
COFFEE 1.1,CO_GPP,UNKNOWN,UNKNOWN
COFFEE 1.1,CO_NDCplus,UNKNOWN,UNKNOWN
COFFEE 1.1,EN_INDCi2030_1000,UNKNOWN,C4
COFFEE 1.1,EN_INDCi2030_1000_NDCp,UNKNOWN,C4
COFFEE 1.1,EN_INDCi2030_1000f,UNKNOWN,C4
COFFEE 1.1,EN_INDCi2030_1200,UNKNOWN,C5
COFFEE 1.1,EN_INDCi2030_1200f,UNKNOWN,C5
COFFEE 1.1,EN_INDCi2030_1400,UNKNOWN,C6
COFFEE 1.1,EN_INDCi2030_1400f,UNKNOWN,C6
COFFEE 1.1,EN_INDCi2030_1600,UNKNOWN,C7
COFFEE 1.1,EN_INDCi2030_1600f,UNKNOWN,C7
COFFEE 1.1,EN_INDCi2030_1800,UNKNOWN,C8
COFFEE 1.1,EN_INDCi2030_1800f,UNKNOWN,C8
COFFEE 1.1,EN_INDCi2030_2000,UNKNOWN,C8
COFFEE 1.1,EN_INDCi2030_2000f,UNKNOWN,C8
COFFEE 1.1,EN_INDCi2030_2500,UNKNOWN,C2
COFFEE 1.1,EN_INDCi2030_2500f,UNKNOWN,C2
COFFEE 1.1,EN_INDCi2030_400f,UNKNOWN,C1
COFFEE 1.1,EN_INDCi2030_500,UNKNOWN,C2
COFFEE 1.1,EN_INDCi2030_500f,UNKNOWN,C2
COFFEE 1.1,EN_INDCi2030_600,UNKNOWN,C2
COFFEE 1.1,EN_INDCi2030_600_NDCp,UNKNOWN,C2
COFFEE 1.1,EN_INDCi2030_600f,UNKNOWN,C2
COFFEE 1.1,EN_INDCi2030_700,UNKNOWN,C3
COFFEE 1.1,EN_INDCi2030_700f,UNKNOWN,C3
COFFEE 1.1,EN_INDCi2030_800,UNKNOWN,C3
COFFEE 1.1,EN_INDCi2030_800f,UNKNOWN,C3
COFFEE 1.1,EN_INDCi2030_900,UNKNOWN,C4
COFFEE 1.1,EN_INDCi2030_900f,UNKNOWN,C4
COFFEE 1.1,EN_INDCi2100,UNKNOWN,UNKNOWN
COFFEE 1.1,EN_INDCi2100_COV_NDCp,UNKNOWN,UNKNOWN
COFFEE 1.1,EN_NPi2020_1000,UNKNOWN,C4
COFFEE 1.1,EN_NPi2020_1000f,UNKNOWN,C4
COFFEE 1.1,EN_NPi2020_1200,UNKNOWN,C5
COFFEE 1.1,EN_NPi2020_1200f,UNKNOWN,C5
COFFEE 1.1,EN_NPi2020_1400,UNKNOWN,C6
COFFEE 1.1,EN_NPi2020_1400f,UNKNOWN,C6
COFFEE 1.1,EN_NPi2020_1600,UNKNOWN,C7
COFFEE 1.1,EN_NPi2020_1600f,UNKNOWN,C7
COFFEE 1.1,EN_NPi2020_1800,UNKNOWN,C8
COFFEE 1.1,EN_NPi2020_1800f,UNKNOWN,C8
COFFEE 1.1,EN_NPi2020_2000,UNKNOWN,C8
COFFEE 1.1,EN_NPi2020_2000f,UNKNOWN,C8
COFFEE 1.1,EN_NPi2020_2500,UNKNOWN,C2
COFFEE 1.1,EN_NPi2020_2500f,UNKNOWN,C2
COFFEE 1.1,EN_NPi2020_400,UNKNOWN,C1
COFFEE 1.1,EN_NPi2020_400_lowBECCS,UNKNOWN,C1
COFFEE 1.1,EN_NPi2020_400f,UNKNOWN,C1
COFFEE 1.1,EN_NPi2020_400f_lowBECCS,UNKNOWN,C1
COFFEE 1.1,EN_NPi2020_500,UNKNOWN,C2
COFFEE 1.1,EN_NPi2020_500f,UNKNOWN,C2
COFFEE 1.1,EN_NPi2020_600,UNKNOWN,C2
COFFEE 1.1,EN_NPi2020_600f,UNKNOWN,C2
COFFEE 1.1,EN_NPi2020_700,UNKNOWN,C3
COFFEE 1.1,EN_NPi2020_700f,UNKNOWN,C3
COFFEE 1.1,EN_NPi2020_800,UNKNOWN,C3
COFFEE 1.1,EN_NPi2020_800f,UNKNOWN,C3
COFFEE 1.1,EN_NPi2020_900,UNKNOWN,C4
COFFEE 1.1,EN_NPi2020_900f,UNKNOWN,C4
COFFEE 1.1,EN_NPi2100,UNKNOWN,C8
EPPA 6,2CNow_Gradual,UNKNOWN,UNKNOWN
EPPA 6,Paris1.5C_OptTax,UNKNOWN,UNKNOWN
EPPA 6,Paris2C_Gradual,UNKNOWN,UNKNOWN
EPPA 6,Paris2C_OptTax,UNKNOWN,UNKNOWN
EPPA 6,ParisFlat,UNKNOWN,UNKNOWN
EPPA 6,ParisForever,UNKNOWN,UNKNOWN
EPPA 6,Ref,UNKNOWN,UNKNOWN
GCAM 5.2,"NGFS1_Current policies (Hot house world, Rep)",UNKNOWN,UNKNOWN
GCAM 5.2,"NGFS1_Immediate 2C with CDR (Orderly, Rep)",UNKNOWN,UNKNOWN
GCAM 5.3,NGFS2_Below 2°C,UNKNOWN,UNKNOWN
GCAM 5.3,NGFS2_Current Policies,UNKNOWN,UNKNOWN
GCAM 5.3,NGFS2_Delayed Transition,UNKNOWN,UNKNOWN
GCAM 5.3,NGFS2_Divergent Net Zero Policies,UNKNOWN,UNKNOWN
GCAM 5.3,NGFS2_Nationally Determined Contributions (NDCs),UNKNOWN,UNKNOWN
GCAM 5.3,NGFS2_Net-Zero 2050,UNKNOWN,UNKNOWN
GCAM 5.3,R_BAU,UNKNOWN,UNKNOWN
GCAM 5.3,R_MAC_30_n0,UNKNOWN,UNKNOWN
GCAM 5.3,R_MAC_35_n0,UNKNOWN,UNKNOWN
GCAM 5.3,R_MAC_35_n8,UNKNOWN,UNKNOWN
GCAM 5.3,R_MAC_40_n0,UNKNOWN,UNKNOWN
GCAM 5.3,R_MAC_40_n8,UNKNOWN,UNKNOWN
GCAM 5.3,R_MAC_45_n0,UNKNOWN,UNKNOWN
GCAM 5.3,R_MAC_45_n8,UNKNOWN,UNKNOWN
GCAM 5.3,R_MAC_50_n0,UNKNOWN,UNKNOWN
GCAM 5.3,R_MAC_50_n8,UNKNOWN,UNKNOWN
GCAM 5.3,R_MAC_55_n0,UNKNOWN,UNKNOWN
GCAM 5.3,R_MAC_55_n8,UNKNOWN,UNKNOWN
GCAM 5.3,R_MAC_60_n0,UNKNOWN,UNKNOWN
GCAM 5.3,R_MAC_60_n8,UNKNOWN,UNKNOWN
GCAM 5.3,R_MAC_65_n0,UNKNOWN,UNKNOWN
GCAM 5.3,R_MAC_65_n8,UNKNOWN,UNKNOWN
GCAM 5.3,R_MAC_70_n0,UNKNOWN,UNKNOWN
GCAM 5.3,R_MAC_70_n8,UNKNOWN,UNKNOWN
GCAM 5.3,R_MAC_75_n0,UNKNOWN,UNKNOWN
GCAM 5.3,R_MAC_75_n8,UNKNOWN,UNKNOWN
GCAM 5.3,R_MAC_80_n0,UNKNOWN,UNKNOWN
GCAM 5.3,R_MAC_80_n8,UNKNOWN,UNKNOWN
GCAM 5.3,R_MAC_85_n0,UNKNOWN,UNKNOWN
GCAM 5.3,R_MAC_85_n8,UNKNOWN,UNKNOWN
GCAM 5.3,R_MAC_90_n0,UNKNOWN,UNKNOWN
GCAM 5.3,R_MAC_90_n8,UNKNOWN,UNKNOWN
GCAM 5.3,R_MAC_95_n0,UNKNOWN,UNKNOWN
GCAM 5.3,R_MAC_95_n8,UNKNOWN,UNKNOWN
GCAM 5.3,R_MAC_99_n0,UNKNOWN,UNKNOWN
GCAM 5.3,R_MAC_99_n8,UNKNOWN,UNKNOWN
GCAM 5.3,SSP_SSP2,UNKNOWN,UNKNOWN
GCAM 5.3,SSP_SSP3,UNKNOWN,UNKNOWN
GCAM 5.3,SSP_SSP4,UNKNOWN,UNKNOWN
GCAM 5.3,SSP_SSP5,UNKNOWN,UNKNOWN
GCAM-PR 5.3,PR_CP_PriceOnly,UNKNOWN,UNKNOWN
GCAM-PR 5.3,PR_NDC_PriceOnly,UNKNOWN,UNKNOWN
GCAM-PR 5.3,PR_baseline,UNKNOWN,UNKNOWN
GEM-E3_V2021,EN_INDCi2030_1000,UNKNOWN,C4
GEM-E3_V2021,EN_INDCi2030_1000_COV,UNKNOWN,C4
GEM-E3_V2021,EN_INDCi2030_1000_COV_NDCp,UNKNOWN,C4
GEM-E3_V2021,EN_INDCi2030_1000_NDCp,UNKNOWN,C4
GEM-E3_V2021,EN_INDCi2030_1000f,UNKNOWN,C4
GEM-E3_V2021,EN_INDCi2030_1000f_COV,UNKNOWN,C4
GEM-E3_V2021,EN_INDCi2030_1000f_COV_NDCp,UNKNOWN,C4
GEM-E3_V2021,EN_INDCi2030_1000f_NDCp,UNKNOWN,C4
GEM-E3_V2021,EN_INDCi2030_1400,UNKNOWN,C6
GEM-E3_V2021,EN_INDCi2030_1400f,UNKNOWN,C6
GEM-E3_V2021,EN_INDCi2030_1800,UNKNOWN,C8
GEM-E3_V2021,EN_INDCi2030_1800f,UNKNOWN,C8
GEM-E3_V2021,EN_INDCi2030_600f,UNKNOWN,C2
GEM-E3_V2021,EN_INDCi2030_600f_COV,UNKNOWN,C2
GEM-E3_V2021,EN_INDCi2030_600f_COV_NDCp,UNKNOWN,C2
GEM-E3_V2021,EN_INDCi2030_600f_NDCp,UNKNOWN,C2
GEM-E3_V2021,EN_INDCi2030_800,UNKNOWN,C3
GEM-E3_V2021,EN_INDCi2030_800f,UNKNOWN,C3
GEM-E3_V2021,EN_INDCi2100,UNKNOWN,UNKNOWN
GEM-E3_V2021,EN_INDCi2100_COV,UNKNOWN,UNKNOWN
GEM-E3_V2021,EN_INDCi2100_COV_NDCp,UNKNOWN,UNKNOWN
GEM-E3_V2021,EN_INDCi2100_NDCp,UNKNOWN,UNKNOWN
GEM-E3_V2021,EN_NPi2020_1000,UNKNOWN,C4
GEM-E3_V2021,EN_NPi2020_1000_COV,UNKNOWN,C4
GEM-E3_V2021,EN_NPi2020_1000f,UNKNOWN,C4
GEM-E3_V2021,EN_NPi2020_1000f_COV,UNKNOWN,C4
GEM-E3_V2021,EN_NPi2020_1400,UNKNOWN,C6
GEM-E3_V2021,EN_NPi2020_1400f,UNKNOWN,C6
GEM-E3_V2021,EN_NPi2020_1800,UNKNOWN,C8
GEM-E3_V2021,EN_NPi2020_1800f,UNKNOWN,C8
GEM-E3_V2021,EN_NPi2020_400f,UNKNOWN,C1
GEM-E3_V2021,EN_NPi2020_500,UNKNOWN,C2
GEM-E3_V2021,EN_NPi2020_500f,UNKNOWN,C2
GEM-E3_V2021,EN_NPi2020_600,UNKNOWN,C2
GEM-E3_V2021,EN_NPi2020_600_COV,UNKNOWN,C2
GEM-E3_V2021,EN_NPi2020_600f,UNKNOWN,C2
GEM-E3_V2021,EN_NPi2020_600f_COV,UNKNOWN,C2
GEM-E3_V2021,EN_NPi2020_800,UNKNOWN,C3
GEM-E3_V2021,EN_NPi2020_800f,UNKNOWN,C3
GEM-E3_V2021,EN_NPi2100,UNKNOWN,C8
GEM-E3_V2021,EN_NPi2100_COV,UNKNOWN,C8
IMACLIM 1.1,ADVANCE_2020_1.5C-2100_WP6,UNKNOWN,UNKNOWN
IMACLIM 1.1,ADVANCE_2020_Med2C_WP6,UNKNOWN,UNKNOWN
IMACLIM 1.1,ADVANCE_2020_WB2C_WP6,UNKNOWN,UNKNOWN
IMACLIM 1.1,ADVANCE_2030_Med2C_WP6,UNKNOWN,UNKNOWN
IMACLIM 1.1,ADVANCE_2030_Price1.5C_WP6,UNKNOWN,UNKNOWN
IMACLIM 1.1,ADVANCE_2030_WB2C_WP6,UNKNOWN,UNKNOWN
IMACLIM 1.1,ADVANCE_INDC_WP6,UNKNOWN,UNKNOWN
IMACLIM 1.1,ADVANCE_NoPolicy_WP6,UNKNOWN,UNKNOWN
IMACLIM 1.1,ADVANCE_Reference_WP6,UNKNOWN,UNKNOWN
IMACLIM 1.1,SSP1_NoPolicy_TranspBase,UNKNOWN,UNKNOWN
IMACLIM 1.1,SSP1_NoPolicy_TranspOpt,UNKNOWN,UNKNOWN
IMACLIM 1.1,SSP1_RCP34_TranspBase,UNKNOWN,UNKNOWN
IMACLIM 1.1,SSP1_RCP34_TranspOpt,UNKNOWN,UNKNOWN
IMACLIM 1.1,SSP1_RCP45_TranspBase,UNKNOWN,UNKNOWN
IMACLIM 1.1,SSP1_RCP45_TranspOpt,UNKNOWN,UNKNOWN
IMACLIM 1.1,SSP3_NoPolicy_TranspBase,UNKNOWN,UNKNOWN
IMACLIM 1.1,SSP3_NoPolicy_TranspOpt,UNKNOWN,UNKNOWN
IMACLIM 1.1,SSP3_NoPolicy_Transp_111,UNKNOWN,UNKNOWN
IMACLIM 1.1,SSP3_NoPolicy_Transp_112,UNKNOWN,UNKNOWN
IMACLIM 1.1,SSP3_NoPolicy_Transp_121,UNKNOWN,UNKNOWN
IMACLIM 1.1,SSP3_NoPolicy_Transp_211,UNKNOWN,UNKNOWN
IMACLIM 1.1,SSP3_NoPolicy_Transp_222,UNKNOWN,UNKNOWN
IMACLIM 1.1,SSP3_RCP26_Transp_111,UNKNOWN,UNKNOWN
IMACLIM 1.1,SSP3_RCP26_Transp_112,UNKNOWN,UNKNOWN
IMACLIM 1.1,SSP3_RCP26_Transp_121,UNKNOWN,UNKNOWN
IMACLIM 1.1,SSP3_RCP26_Transp_211,UNKNOWN,UNKNOWN
IMACLIM 1.1,SSP3_RCP26_Transp_222,UNKNOWN,UNKNOWN
IMACLIM 1.1,SSP3_RCP34_TranspBase,UNKNOWN,UNKNOWN
IMACLIM 1.1,SSP3_RCP34_TranspOpt,UNKNOWN,UNKNOWN
IMACLIM 1.1,SSP3_RCP34_Transp_111,UNKNOWN,UNKNOWN
IMACLIM 1.1,SSP3_RCP34_Transp_112,UNKNOWN,UNKNOWN
IMACLIM 1.1,SSP3_RCP34_Transp_121,UNKNOWN,UNKNOWN
IMACLIM 1.1,SSP3_RCP34_Transp_211,UNKNOWN,UNKNOWN
IMACLIM 1.1,SSP3_RCP34_Transp_222,UNKNOWN,UNKNOWN
IMACLIM 1.1,SSP3_RCP45_TranspBase,UNKNOWN,UNKNOWN
IMACLIM 1.1,SSP3_RCP45_TranspOpt,UNKNOWN,UNKNOWN
IMACLIM 1.1,SSP3_RCP45_Transp_111,UNKNOWN,UNKNOWN
IMACLIM 1.1,SSP3_RCP45_Transp_112,UNKNOWN,UNKNOWN
IMACLIM 1.1,SSP3_RCP45_Transp_121,UNKNOWN,UNKNOWN
IMACLIM 1.1,SSP3_RCP45_Transp_211,UNKNOWN,UNKNOWN
IMACLIM 1.1,SSP3_RCP45_Transp_222,UNKNOWN,UNKNOWN
IMACLIM 1.1,base_DemandHigh_FossilHigh_TechHigh,UNKNOWN,UNKNOWN
IMACLIM 1.1,base_DemandHigh_FossilLow_TechHigh,UNKNOWN,UNKNOWN
IMACLIM 1.1,base_DemandHigh_FossilLow_TechLow,UNKNOWN,UNKNOWN
IMACLIM 1.1,base_DemandLow_FossilHigh_TechHigh,UNKNOWN,UNKNOWN
IMACLIM 1.1,base_DemandLow_FossilHigh_TechLow,UNKNOWN,UNKNOWN
IMACLIM 1.1,base_DemandLow_FossilLow_TechHigh,UNKNOWN,UNKNOWN
IMACLIM 1.1,base_DemandLow_FossilLow_TechLow,UNKNOWN,UNKNOWN
IMACLIM 1.1,peak2016_DemandHigh_FossilHigh_TechHigh,UNKNOWN,UNKNOWN
IMACLIM 1.1,peak2016_DemandHigh_FossilLow_TechHigh,UNKNOWN,UNKNOWN
IMACLIM 1.1,peak2016_DemandHigh_FossilLow_TechLow,UNKNOWN,UNKNOWN
IMACLIM 1.1,peak2016_DemandLow_FossilHigh_TechHigh,UNKNOWN,UNKNOWN
IMACLIM 1.1,peak2016_DemandLow_FossilHigh_TechLow,UNKNOWN,UNKNOWN
IMACLIM 1.1,peak2016_DemandLow_FossilLow_TechHigh,UNKNOWN,UNKNOWN
IMACLIM 1.1,peak2016_DemandLow_FossilLow_TechLow,UNKNOWN,UNKNOWN
IMACLIM 1.1,peak2020_DemandHigh_FossilHigh_TechHigh,UNKNOWN,UNKNOWN
IMACLIM 1.1,peak2020_DemandHigh_FossilLow_TechHigh,UNKNOWN,UNKNOWN
IMACLIM 1.1,peak2020_DemandHigh_FossilLow_TechLow,UNKNOWN,UNKNOWN
IMACLIM 1.1,peak2020_DemandLow_FossilHigh_TechHigh,UNKNOWN,UNKNOWN
IMACLIM 1.1,peak2020_DemandLow_FossilHigh_TechLow,UNKNOWN,UNKNOWN
IMACLIM 1.1,peak2020_DemandLow_FossilLow_TechHigh,UNKNOWN,UNKNOWN
IMACLIM 1.1,peak2020_DemandLow_FossilLow_TechLow,UNKNOWN,UNKNOWN
IMACLIM 1.1,peak2025_DemandHigh_FossilHigh_TechHigh,UNKNOWN,UNKNOWN
IMACLIM 1.1,peak2025_DemandHigh_FossilLow_TechHigh,UNKNOWN,UNKNOWN
IMACLIM 1.1,peak2025_DemandHigh_FossilLow_TechLow,UNKNOWN,UNKNOWN
IMACLIM 1.1,peak2025_DemandLow_FossilHigh_TechHigh,UNKNOWN,UNKNOWN
IMACLIM 1.1,peak2025_DemandLow_FossilHigh_TechLow,UNKNOWN,UNKNOWN
IMACLIM 1.1,peak2025_DemandLow_FossilLow_TechHigh,UNKNOWN,UNKNOWN
IMACLIM-NLU 1.0,EMF33_tax_hi_none,UNKNOWN,UNKNOWN
IMACLIM-NLU 1.0,EMF33_tax_lo_none,UNKNOWN,UNKNOWN
IMAGE 3.0,CO_2Deg2020,UNKNOWN,UNKNOWN
IMAGE 3.0,CO_2Deg2030,UNKNOWN,UNKNOWN
IMAGE 3.0,CO_BAU,UNKNOWN,UNKNOWN
IMAGE 3.0,CO_Bridge,UNKNOWN,UNKNOWN
IMAGE 3.0,CO_CurPol,UNKNOWN,UNKNOWN
IMAGE 3.0,CO_GPP,UNKNOWN,UNKNOWN
IMAGE 3.0,CO_NDCplus,UNKNOWN,UNKNOWN
IMAGE 3.0,EN_INDCi2030_1000,UNKNOWN,C4
IMAGE 3.0,EN_INDCi2030_1000f,UNKNOWN,C4
IMAGE 3.0,EN_INDCi2030_1200,UNKNOWN,C5
IMAGE 3.0,EN_INDCi2030_1200f,UNKNOWN,C5
IMAGE 3.0,EN_INDCi2030_1400,UNKNOWN,C6
IMAGE 3.0,EN_INDCi2030_1400f,UNKNOWN,C6
IMAGE 3.0,EN_INDCi2030_3000,UNKNOWN,C1
IMAGE 3.0,EN_INDCi2030_3000f,UNKNOWN,C1
IMAGE 3.0,EN_INDCi2030_800f,UNKNOWN,C3
IMAGE 3.0,EN_INDCi2100,UNKNOWN,UNKNOWN
IMAGE 3.0,EN_NPi2020_1000,UNKNOWN,C4
IMAGE 3.0,EN_NPi2020_1000f,UNKNOWN,C4
IMAGE 3.0,EN_NPi2020_1200,UNKNOWN,C5
IMAGE 3.0,EN_NPi2020_1200f,UNKNOWN,C5
IMAGE 3.0,EN_NPi2020_1400,UNKNOWN,C6
IMAGE 3.0,EN_NPi2020_1400f,UNKNOWN,C6
IMAGE 3.0,EN_NPi2020_3000,UNKNOWN,C1
IMAGE 3.0,EN_NPi2020_3000f,UNKNOWN,C1
IMAGE 3.0,EN_NPi2020_600f,UNKNOWN,C2
IMAGE 3.0,EN_NPi2020_800,UNKNOWN,C3
IMAGE 3.0,EN_NPi2020_800f,UNKNOWN,C3
IMAGE 3.0,EN_NPi2100,UNKNOWN,C8
IMAGE 3.0,EN_NoPolicy,UNKNOWN,UNKNOWN
IMAGE 3.2,SSP1-baseline,UNKNOWN,UNKNOWN
IMAGE 3.2,SSP1_SPA1_19I_D,UNKNOWN,UNKNOWN
IMAGE 3.2,SSP1_SPA1_19I_D_LB,UNKNOWN,UNKNOWN
IMAGE 3.2,SSP1_SPA1_19I_LI,UNKNOWN,UNKNOWN
IMAGE 3.2,SSP1_SPA1_19I_LIRE,UNKNOWN,UNKNOWN
IMAGE 3.2,SSP1_SPA1_19I_LIRE_LB,UNKNOWN,UNKNOWN
IMAGE 3.2,SSP1_SPA1_19I_RE,UNKNOWN,UNKNOWN
IMAGE 3.2,SSP1_SPA1_19I_RE_LB,UNKNOWN,UNKNOWN
IMAGE 3.2,SSP1_SPA1_26I_D,UNKNOWN,UNKNOWN
IMAGE 3.2,SSP1_SPA1_26I_LI,UNKNOWN,UNKNOWN
IMAGE 3.2,SSP1_SPA1_26I_LIRE,UNKNOWN,UNKNOWN
IMAGE 3.2,SSP1_SPA1_26I_RE,UNKNOWN,UNKNOWN
IMAGE 3.2,SSP1_SPA1_34I_D,UNKNOWN,UNKNOWN
IMAGE 3.2,SSP1_SPA1_34I_LI,UNKNOWN,UNKNOWN
IMAGE 3.2,SSP1_SPA1_34I_LIRE,UNKNOWN,UNKNOWN
IMAGE 3.2,SSP1_SPA1_34I_RE,UNKNOWN,UNKNOWN
IMAGE 3.2,SSP2-baseline,UNKNOWN,UNKNOWN
IMAGE 3.2,SSP2_SPA0_26I_D,UNKNOWN,UNKNOWN
IMAGE 3.2,SSP2_SPA1_19I_D_LB,UNKNOWN,UNKNOWN
IMAGE 3.2,SSP2_SPA1_19I_LIRE_LB,UNKNOWN,UNKNOWN
IMAGE 3.2,SSP2_SPA1_19I_RE_LB,UNKNOWN,UNKNOWN
IMAGE 3.2,SSP2_SPA2_19I_D,UNKNOWN,UNKNOWN
IMAGE 3.2,SSP2_SPA2_19I_LI,UNKNOWN,UNKNOWN
IMAGE 3.2,SSP2_SPA2_19I_LIRE,UNKNOWN,UNKNOWN
IMAGE 3.2,SSP2_SPA2_19I_RE,UNKNOWN,UNKNOWN
IMAGE 3.2,SSP2_SPA2_26I_D,UNKNOWN,UNKNOWN
IMAGE 3.2,SSP2_SPA2_26I_LI,UNKNOWN,UNKNOWN
IMAGE 3.2,SSP2_SPA2_26I_LIRE,UNKNOWN,UNKNOWN
IMAGE 3.2,SSP2_SPA2_26I_RE,UNKNOWN,UNKNOWN
IMAGE 3.2,SSP2_SPA2_34I_D,UNKNOWN,UNKNOWN
IMAGE 3.2,SSP2_SPA2_34I_LI,UNKNOWN,UNKNOWN
IMAGE 3.2,SSP2_SPA2_34I_LIRE,UNKNOWN,UNKNOWN
IMAGE 3.2,SSP2_SPA2_34I_RE,UNKNOWN,UNKNOWN
IMAGE 3.2,SSP2_SPA2_45I_D,UNKNOWN,UNKNOWN
IMAGE 3.2,SSP2_SPA2_45I_LI,UNKNOWN,UNKNOWN
IMAGE 3.2,SSP2_SPA2_45I_LIRE,UNKNOWN,UNKNOWN
IMAGE 3.2,SSP2_SPA2_45I_RE,UNKNOWN,UNKNOWN
IMAGE 3.2,SSP3-baseline,UNKNOWN,UNKNOWN
IMAGE 3.2,SSP4-baseline,UNKNOWN,UNKNOWN
IMAGE 3.2,SSP5-baseline,UNKNOWN,UNKNOWN
MESSAGEix-GLOBIOM_1.0,CO_2Deg2020,UNKNOWN,UNKNOWN
MESSAGEix-GLOBIOM_1.0,CO_2Deg2030,UNKNOWN,UNKNOWN
MESSAGEix-GLOBIOM_1.0,CO_BAU,UNKNOWN,UNKNOWN
MESSAGEix-GLOBIOM_1.0,CO_Bridge,UNKNOWN,UNKNOWN
MESSAGEix-GLOBIOM_1.0,CO_CurPol,UNKNOWN,UNKNOWN
MESSAGEix-GLOBIOM_1.0,CO_GPP,UNKNOWN,UNKNOWN
MESSAGEix-GLOBIOM_1.0,CO_NDC_2050convergence,UNKNOWN,UNKNOWN
MESSAGEix-GLOBIOM_1.0,CO_NDCplus,UNKNOWN,UNKNOWN
MESSAGEix-GLOBIOM_1.1,EN_INDCi2030_1000,UNKNOWN,C4
MESSAGEix-GLOBIOM_1.1,EN_INDCi2030_1000_COV,UNKNOWN,C4
MESSAGEix-GLOBIOM_1.1,EN_INDCi2030_1000_COV_NDCp,UNKNOWN,C4
MESSAGEix-GLOBIOM_1.1,EN_INDCi2030_1000_NDCp,UNKNOWN,C4
MESSAGEix-GLOBIOM_1.1,EN_INDCi2030_1000f,UNKNOWN,C4
MESSAGEix-GLOBIOM_1.1,EN_INDCi2030_1000f_COV,UNKNOWN,C4
MESSAGEix-GLOBIOM_1.1,EN_INDCi2030_1000f_COV_NDCp,UNKNOWN,C4
MESSAGEix-GLOBIOM_1.1,EN_INDCi2030_1000f_NDCp,UNKNOWN,C4
MESSAGEix-GLOBIOM_1.1,EN_INDCi2030_1200,UNKNOWN,C5
MESSAGEix-GLOBIOM_1.1,EN_INDCi2030_1200_COV,UNKNOWN,C5
MESSAGEix-GLOBIOM_1.1,EN_INDCi2030_1200_COV_NDCp,UNKNOWN,C5
MESSAGEix-GLOBIOM_1.1,EN_INDCi2030_1200_NDCp,UNKNOWN,C5
MESSAGEix-GLOBIOM_1.1,EN_INDCi2030_1200f,UNKNOWN,C5
MESSAGEix-GLOBIOM_1.1,EN_INDCi2030_1200f_COV,UNKNOWN,C5
MESSAGEix-GLOBIOM_1.1,EN_INDCi2030_1200f_COV_NDCp,UNKNOWN,C5
MESSAGEix-GLOBIOM_1.1,EN_INDCi2030_1200f_NDCp,UNKNOWN,C5
MESSAGEix-GLOBIOM_1.1,EN_INDCi2030_1400,UNKNOWN,C6
MESSAGEix-GLOBIOM_1.1,EN_INDCi2030_1400_COV,UNKNOWN,C6
MESSAGEix-GLOBIOM_1.1,EN_INDCi2030_1400_COV_NDCp,UNKNOWN,C6
MESSAGEix-GLOBIOM_1.1,EN_INDCi2030_1400_NDCp,UNKNOWN,C6
MESSAGEix-GLOBIOM_1.1,EN_INDCi2030_1400f,UNKNOWN,C6
MESSAGEix-GLOBIOM_1.1,EN_INDCi2030_1400f_COV,UNKNOWN,C6
MESSAGEix-GLOBIOM_1.1,EN_INDCi2030_1400f_COV_NDCp,UNKNOWN,C6
MESSAGEix-GLOBIOM_1.1,EN_INDCi2030_1400f_NDCp,UNKNOWN,C6
MESSAGEix-GLOBIOM_1.1,EN_INDCi2030_1600,UNKNOWN,C7
MESSAGEix-GLOBIOM_1.1,EN_INDCi2030_1600_COV,UNKNOWN,C7
MESSAGEix-GLOBIOM_1.1,EN_INDCi2030_1600_COV_NDCp,UNKNOWN,C7
MESSAGEix-GLOBIOM_1.1,EN_INDCi2030_1600_NDCp,UNKNOWN,C7
MESSAGEix-GLOBIOM_1.1,EN_INDCi2030_1600f,UNKNOWN,C7
MESSAGEix-GLOBIOM_1.1,EN_INDCi2030_1600f_COV,UNKNOWN,C7
MESSAGEix-GLOBIOM_1.1,EN_INDCi2030_1600f_COV_NDCp,UNKNOWN,C7
MESSAGEix-GLOBIOM_1.1,EN_INDCi2030_1600f_NDCp,UNKNOWN,C7
MESSAGEix-GLOBIOM_1.1,EN_INDCi2030_1800,UNKNOWN,C8
MESSAGEix-GLOBIOM_1.1,EN_INDCi2030_1800_COV,UNKNOWN,C8
MESSAGEix-GLOBIOM_1.1,EN_INDCi2030_1800_COV_NDCp,UNKNOWN,C8
MESSAGEix-GLOBIOM_1.1,EN_INDCi2030_1800_NDCp,UNKNOWN,C8
MESSAGEix-GLOBIOM_1.1,EN_INDCi2030_1800f,UNKNOWN,C8
MESSAGEix-GLOBIOM_1.1,EN_INDCi2030_1800f_COV,UNKNOWN,C8
MESSAGEix-GLOBIOM_1.1,EN_INDCi2030_1800f_COV_NDCp,UNKNOWN,C8
MESSAGEix-GLOBIOM_1.1,EN_INDCi2030_1800f_NDCp,UNKNOWN,C8
MESSAGEix-GLOBIOM_1.1,EN_INDCi2030_2000,UNKNOWN,C8
MESSAGEix-GLOBIOM_1.1,EN_INDCi2030_2000_COV,UNKNOWN,C8
MESSAGEix-GLOBIOM_1.1,EN_INDCi2030_2000_COV_NDCp,UNKNOWN,C8
MESSAGEix-GLOBIOM_1.1,EN_INDCi2030_2000_NDCp,UNKNOWN,C8
MESSAGEix-GLOBIOM_1.1,EN_INDCi2030_2000f,UNKNOWN,C8
MESSAGEix-GLOBIOM_1.1,EN_INDCi2030_2000f_COV,UNKNOWN,C8
MESSAGEix-GLOBIOM_1.1,EN_INDCi2030_2000f_COV_NDCp,UNKNOWN,C8
MESSAGEix-GLOBIOM_1.1,EN_INDCi2030_2000f_NDCp,UNKNOWN,C8
MESSAGEix-GLOBIOM_1.1,EN_INDCi2030_2500,UNKNOWN,C2
MESSAGEix-GLOBIOM_1.1,EN_INDCi2030_2500_COV,UNKNOWN,C2
MESSAGEix-GLOBIOM_1.1,EN_INDCi2030_2500_COV_NDCp,UNKNOWN,C2
MESSAGEix-GLOBIOM_1.1,EN_INDCi2030_2500_NDCp,UNKNOWN,C2
MESSAGEix-GLOBIOM_1.1,EN_INDCi2030_2500f,UNKNOWN,C2
MESSAGEix-GLOBIOM_1.1,EN_INDCi2030_2500f_COV,UNKNOWN,C2
MESSAGEix-GLOBIOM_1.1,EN_INDCi2030_2500f_COV_NDCp,UNKNOWN,C2
MESSAGEix-GLOBIOM_1.1,EN_INDCi2030_2500f_NDCp,UNKNOWN,C2
MESSAGEix-GLOBIOM_1.1,EN_INDCi2030_3000,UNKNOWN,C1
MESSAGEix-GLOBIOM_1.1,EN_INDCi2030_3000_COV,UNKNOWN,C1
MESSAGEix-GLOBIOM_1.1,EN_INDCi2030_3000_COV_NDCp,UNKNOWN,C1
MESSAGEix-GLOBIOM_1.1,EN_INDCi2030_3000_NDCp,UNKNOWN,C1
MESSAGEix-GLOBIOM_1.1,EN_INDCi2030_3000f,UNKNOWN,C1
MESSAGEix-GLOBIOM_1.1,EN_INDCi2030_3000f_COV,UNKNOWN,C1
MESSAGEix-GLOBIOM_1.1,EN_INDCi2030_3000f_COV_NDCp,UNKNOWN,C1
MESSAGEix-GLOBIOM_1.1,EN_INDCi2030_3000f_NDCp,UNKNOWN,C1
MESSAGEix-GLOBIOM_1.1,EN_INDCi2030_600f_COV,UNKNOWN,C2
MESSAGEix-GLOBIOM_1.1,EN_INDCi2030_600f_COV_NDCp,UNKNOWN,C2
MESSAGEix-GLOBIOM_1.1,EN_INDCi2030_700f,UNKNOWN,C3
MESSAGEix-GLOBIOM_1.1,EN_INDCi2030_700f_COV,UNKNOWN,C3
MESSAGEix-GLOBIOM_1.1,EN_INDCi2030_700f_COV_NDCp,UNKNOWN,C3
MESSAGEix-GLOBIOM_1.1,EN_INDCi2030_700f_NDCp,UNKNOWN,C3
MESSAGEix-GLOBIOM_1.1,EN_INDCi2030_800f,UNKNOWN,C3
MESSAGEix-GLOBIOM_1.1,EN_INDCi2030_800f_COV,UNKNOWN,C3
MESSAGEix-GLOBIOM_1.1,EN_INDCi2030_800f_COV_NDCp,UNKNOWN,C3
MESSAGEix-GLOBIOM_1.1,EN_INDCi2030_800f_NDCp,UNKNOWN,C3
MESSAGEix-GLOBIOM_1.1,EN_INDCi2030_900f,UNKNOWN,C4
MESSAGEix-GLOBIOM_1.1,EN_INDCi2030_900f_COV,UNKNOWN,C4
MESSAGEix-GLOBIOM_1.1,EN_INDCi2030_900f_COV_NDCp,UNKNOWN,C4
MESSAGEix-GLOBIOM_1.1,EN_INDCi2030_900f_NDCp,UNKNOWN,C4
MESSAGEix-GLOBIOM_1.1,EN_INDCi2030_950_COV,UNKNOWN,C5
MESSAGEix-GLOBIOM_1.1,EN_INDCi2030_950_COV_NDCp,UNKNOWN,C5
MESSAGEix-GLOBIOM_1.1,EN_INDCi2030_950f_COV,UNKNOWN,C5
MESSAGEix-GLOBIOM_1.1,EN_INDCi2030_950f_COV_NDCp,UNKNOWN,C5
MESSAGEix-GLOBIOM_1.1,EN_INDCi2100,UNKNOWN,UNKNOWN
MESSAGEix-GLOBIOM_1.1,EN_INDCi2100_COV,UNKNOWN,UNKNOWN
MESSAGEix-GLOBIOM_1.1,EN_INDCi2100_COV_NDCp,UNKNOWN,UNKNOWN
MESSAGEix-GLOBIOM_1.1,EN_INDCi2100_NDCp,UNKNOWN,UNKNOWN
MESSAGEix-GLOBIOM_1.1,EN_NPi2020_1000,UNKNOWN,C4
MESSAGEix-GLOBIOM_1.1,EN_NPi2020_1000_COV,UNKNOWN,C4
MESSAGEix-GLOBIOM_1.1,EN_NPi2020_1000_DR10p,UNKNOWN,C4
MESSAGEix-GLOBIOM_1.1,EN_NPi2020_1000_DR1p,UNKNOWN,C4
MESSAGEix-GLOBIOM_1.1,EN_NPi2020_1000_DR2p,UNKNOWN,C4
MESSAGEix-GLOBIOM_1.1,EN_NPi2020_1000_DR3p,UNKNOWN,C4
MESSAGEix-GLOBIOM_1.1,EN_NPi2020_1000_DR4p,UNKNOWN,C4
MESSAGEix-GLOBIOM_1.1,EN_NPi2020_1000f,UNKNOWN,C4
MESSAGEix-GLOBIOM_1.1,EN_NPi2020_1000f_COV,UNKNOWN,C4
MESSAGEix-GLOBIOM_1.1,EN_NPi2020_1000f_DR10p,UNKNOWN,C4
MESSAGEix-GLOBIOM_1.1,EN_NPi2020_1000f_DR1p,UNKNOWN,C4
MESSAGEix-GLOBIOM_1.1,EN_NPi2020_1000f_DR2p,UNKNOWN,C4
MESSAGEix-GLOBIOM_1.1,EN_NPi2020_1000f_DR3p,UNKNOWN,C4
MESSAGEix-GLOBIOM_1.1,EN_NPi2020_1000f_DR4p,UNKNOWN,C4
MESSAGEix-GLOBIOM_1.1,EN_NPi2020_1200,UNKNOWN,C5
MESSAGEix-GLOBIOM_1.1,EN_NPi2020_1200_COV,UNKNOWN,C5
MESSAGEix-GLOBIOM_1.1,EN_NPi2020_1200f,UNKNOWN,C5
MESSAGEix-GLOBIOM_1.1,EN_NPi2020_1200f_COV,UNKNOWN,C5
MESSAGEix-GLOBIOM_1.1,EN_NPi2020_1400,UNKNOWN,C6
MESSAGEix-GLOBIOM_1.1,EN_NPi2020_1400_COV,UNKNOWN,C6
MESSAGEix-GLOBIOM_1.1,EN_NPi2020_1400f,UNKNOWN,C6
MESSAGEix-GLOBIOM_1.1,EN_NPi2020_1400f_COV,UNKNOWN,C6
MESSAGEix-GLOBIOM_1.1,EN_NPi2020_1600,UNKNOWN,C7
MESSAGEix-GLOBIOM_1.1,EN_NPi2020_1600_COV,UNKNOWN,C7
MESSAGEix-GLOBIOM_1.1,EN_NPi2020_1600f,UNKNOWN,C7
MESSAGEix-GLOBIOM_1.1,EN_NPi2020_1600f_COV,UNKNOWN,C7
MESSAGEix-GLOBIOM_1.1,EN_NPi2020_1800,UNKNOWN,C8
MESSAGEix-GLOBIOM_1.1,EN_NPi2020_1800_COV,UNKNOWN,C8
MESSAGEix-GLOBIOM_1.1,EN_NPi2020_1800f,UNKNOWN,C8
MESSAGEix-GLOBIOM_1.1,EN_NPi2020_1800f_COV,UNKNOWN,C8
MESSAGEix-GLOBIOM_1.1,EN_NPi2020_2000,UNKNOWN,C8
MESSAGEix-GLOBIOM_1.1,EN_NPi2020_2000_COV,UNKNOWN,C8
MESSAGEix-GLOBIOM_1.1,EN_NPi2020_2000f,UNKNOWN,C8
MESSAGEix-GLOBIOM_1.1,EN_NPi2020_2000f_COV,UNKNOWN,C8
MESSAGEix-GLOBIOM_1.1,EN_NPi2020_200f,UNKNOWN,C8
MESSAGEix-GLOBIOM_1.1,EN_NPi2020_2500,UNKNOWN,C2
MESSAGEix-GLOBIOM_1.1,EN_NPi2020_2500_COV,UNKNOWN,C2
MESSAGEix-GLOBIOM_1.1,EN_NPi2020_2500f,UNKNOWN,C2
MESSAGEix-GLOBIOM_1.1,EN_NPi2020_2500f_COV,UNKNOWN,C2
MESSAGEix-GLOBIOM_1.1,EN_NPi2020_3000,UNKNOWN,C1
MESSAGEix-GLOBIOM_1.1,EN_NPi2020_3000_COV,UNKNOWN,C1
MESSAGEix-GLOBIOM_1.1,EN_NPi2020_3000f,UNKNOWN,C1
MESSAGEix-GLOBIOM_1.1,EN_NPi2020_3000f_COV,UNKNOWN,C1
MESSAGEix-GLOBIOM_1.1,EN_NPi2020_300f,UNKNOWN,C1
MESSAGEix-GLOBIOM_1.1,EN_NPi2020_400f,UNKNOWN,C1
MESSAGEix-GLOBIOM_1.1,EN_NPi2020_450,UNKNOWN,C8
MESSAGEix-GLOBIOM_1.1,EN_NPi2020_450f,UNKNOWN,C8
MESSAGEix-GLOBIOM_1.1,EN_NPi2020_500,UNKNOWN,C2
MESSAGEix-GLOBIOM_1.1,EN_NPi2020_500f,UNKNOWN,C2
MESSAGEix-GLOBIOM_1.1,EN_NPi2020_600,UNKNOWN,C2
MESSAGEix-GLOBIOM_1.1,EN_NPi2020_600_COV,UNKNOWN,C2
MESSAGEix-GLOBIOM_1.1,EN_NPi2020_600_DR10p,UNKNOWN,C2
MESSAGEix-GLOBIOM_1.1,EN_NPi2020_600_DR1p,UNKNOWN,C2
MESSAGEix-GLOBIOM_1.1,EN_NPi2020_600_DR2p,UNKNOWN,C2
MESSAGEix-GLOBIOM_1.1,EN_NPi2020_600_DR3p,UNKNOWN,C2
MESSAGEix-GLOBIOM_1.1,EN_NPi2020_600_DR4p,UNKNOWN,C2
MESSAGEix-GLOBIOM_1.1,EN_NPi2020_600f,UNKNOWN,C2
MESSAGEix-GLOBIOM_1.1,EN_NPi2020_600f_COV,UNKNOWN,C2
MESSAGEix-GLOBIOM_1.1,EN_NPi2020_600f_DR10p,UNKNOWN,C2
MESSAGEix-GLOBIOM_1.1,EN_NPi2020_600f_DR1p,UNKNOWN,C2
MESSAGEix-GLOBIOM_1.1,EN_NPi2020_600f_DR2p,UNKNOWN,C2
MESSAGEix-GLOBIOM_1.1,EN_NPi2020_600f_DR3p,UNKNOWN,C2
MESSAGEix-GLOBIOM_1.1,EN_NPi2020_600f_DR4p,UNKNOWN,C2
MESSAGEix-GLOBIOM_1.1,EN_NPi2020_700,UNKNOWN,C3
MESSAGEix-GLOBIOM_1.1,EN_NPi2020_700_COV,UNKNOWN,C3
MESSAGEix-GLOBIOM_1.1,EN_NPi2020_700f,UNKNOWN,C3
MESSAGEix-GLOBIOM_1.1,EN_NPi2020_700f_COV,UNKNOWN,C3
MESSAGEix-GLOBIOM_1.1,EN_NPi2020_800,UNKNOWN,C3
MESSAGEix-GLOBIOM_1.1,EN_NPi2020_800_COV,UNKNOWN,C3
MESSAGEix-GLOBIOM_1.1,EN_NPi2020_800f,UNKNOWN,C3
MESSAGEix-GLOBIOM_1.1,EN_NPi2020_800f_COV,UNKNOWN,C3
MESSAGEix-GLOBIOM_1.1,EN_NPi2020_900,UNKNOWN,C4
MESSAGEix-GLOBIOM_1.1,EN_NPi2020_900_COV,UNKNOWN,C4
MESSAGEix-GLOBIOM_1.1,EN_NPi2020_900f,UNKNOWN,C4
MESSAGEix-GLOBIOM_1.1,EN_NPi2020_900f_COV,UNKNOWN,C4
MESSAGEix-GLOBIOM_1.1,EN_NPi2100,UNKNOWN,C8
MESSAGEix-GLOBIOM_1.1,EN_NPi2100_COV,UNKNOWN,C8
MESSAGEix-GLOBIOM_1.1,EN_NoPolicy,UNKNOWN,UNKNOWN
MESSAGEix-GLOBIOM_1.1,NGFS2_Below 2°C,UNKNOWN,UNKNOWN
MESSAGEix-GLOBIOM_1.1,NGFS2_Current Policies,UNKNOWN,UNKNOWN
MESSAGEix-GLOBIOM_1.1,NGFS2_Delayed Transition,UNKNOWN,UNKNOWN
MESSAGEix-GLOBIOM_1.1,NGFS2_Divergent Net Zero Policies,UNKNOWN,UNKNOWN
MESSAGEix-GLOBIOM_1.1,NGFS2_Nationally Determined Contributions (NDCs),UNKNOWN,UNKNOWN
MESSAGEix-GLOBIOM_1.1,NGFS2_Net-Zero 2050,UNKNOWN,UNKNOWN
MESSAGEix-GLOBIOM_1.2,COV_GreenPush,UNKNOWN,UNKNOWN
MESSAGEix-GLOBIOM_1.2,COV_GreenPush_1000,UNKNOWN,C4
MESSAGEix-GLOBIOM_1.2,COV_GreenPush_550,UNKNOWN,UNKNOWN
MESSAGEix-GLOBIOM_1.2,COV_GreenPush_max_GDP,UNKNOWN,UNKNOWN
MESSAGEix-GLOBIOM_1.2,COV_GreenPush_min_GDP,UNKNOWN,UNKNOWN
MESSAGEix-GLOBIOM_1.2,COV_NoPolicyNoCOVID,UNKNOWN,UNKNOWN
MESSAGEix-GLOBIOM_1.2,COV_NoPolicyNoCOVID_1000,UNKNOWN,C4
MESSAGEix-GLOBIOM_1.2,COV_NoPolicyNoCOVID_550,UNKNOWN,UNKNOWN
MESSAGEix-GLOBIOM_1.2,COV_Restore,UNKNOWN,UNKNOWN
MESSAGEix-GLOBIOM_1.2,COV_Restore_1000,UNKNOWN,C4
MESSAGEix-GLOBIOM_1.2,COV_Restore_550,UNKNOWN,UNKNOWN
MESSAGEix-GLOBIOM_1.2,COV_SelfReliance,UNKNOWN,UNKNOWN
MESSAGEix-GLOBIOM_1.2,COV_SelfReliance_1000,UNKNOWN,C4
MESSAGEix-GLOBIOM_1.2,COV_SelfReliance_550,UNKNOWN,UNKNOWN
MESSAGEix-GLOBIOM_1.2,COV_SelfReliance_max_GDP,UNKNOWN,UNKNOWN
MESSAGEix-GLOBIOM_1.2,COV_SelfReliance_min_GDP,UNKNOWN,UNKNOWN
MESSAGEix-GLOBIOM_1.2,COV_SmartUse,UNKNOWN,UNKNOWN
MESSAGEix-GLOBIOM_1.2,COV_SmartUse_1000,UNKNOWN,C4
MESSAGEix-GLOBIOM_1.2,COV_SmartUse_550,UNKNOWN,UNKNOWN
MESSAGEix-GLOBIOM_GEI 1.0,SSP2_int_lc_15,UNKNOWN,UNKNOWN
MESSAGEix-GLOBIOM_GEI 1.0,SSP2_int_lc_50,UNKNOWN,UNKNOWN
MESSAGEix-GLOBIOM_GEI 1.0,SSP2_int_mc_15,UNKNOWN,UNKNOWN
MESSAGEix-GLOBIOM_GEI 1.0,SSP2_int_mc_50,UNKNOWN,UNKNOWN
MESSAGEix-GLOBIOM_GEI 1.0,SSP2_noint_lc_15,UNKNOWN,UNKNOWN
MESSAGEix-GLOBIOM_GEI 1.0,SSP2_noint_lc_50,UNKNOWN,UNKNOWN
MESSAGEix-GLOBIOM_GEI 1.0,SSP2_noint_mc_15,UNKNOWN,UNKNOWN
MESSAGEix-GLOBIOM_GEI 1.0,SSP2_noint_mc_50,UNKNOWN,UNKNOWN
MESSAGEix-GLOBIOM_GEI 1.0,SSP2_openres_lc_100,UNKNOWN,UNKNOWN
MESSAGEix-GLOBIOM_GEI 1.0,SSP2_openres_lc_120,UNKNOWN,UNKNOWN
MESSAGEix-GLOBIOM_GEI 1.0,SSP2_openres_lc_15,UNKNOWN,UNKNOWN
MESSAGEix-GLOBIOM_GEI 1.0,SSP2_openres_lc_50,UNKNOWN,UNKNOWN
MESSAGEix-GLOBIOM_GEI 1.0,SSP2_openres_lc_80,UNKNOWN,UNKNOWN
MESSAGEix-GLOBIOM_GEI 1.0,SSP2_openres_lc_CB400,UNKNOWN,C1
MESSAGEix-GLOBIOM_GEI 1.0,SSP2_openres_lc_CB450,UNKNOWN,UNKNOWN
MESSAGEix-GLOBIOM_GEI 1.0,SSP2_openres_lc_CB500,UNKNOWN,C2
MESSAGEix-GLOBIOM_GEI 1.0,SSP2_openres_lc_CB550,UNKNOWN,UNKNOWN
MESSAGEix-GLOBIOM_GEI 1.0,SSP2_openres_lc_CB600,UNKNOWN,C2
MESSAGEix-GLOBIOM_GEI 1.0,SSP2_openres_mc_15,UNKNOWN,UNKNOWN
MESSAGEix-GLOBIOM_GEI 1.0,SSP2_openres_mc_50,UNKNOWN,UNKNOWN
POLES ENGAGE,EN_INDCi2030_1000,UNKNOWN,C4
POLES ENGAGE,EN_INDCi2030_1000_COV,UNKNOWN,C4
POLES ENGAGE,EN_INDCi2030_1000_COV_NDCp,UNKNOWN,C4
POLES ENGAGE,EN_INDCi2030_1000_NDCp,UNKNOWN,C4
POLES ENGAGE,EN_INDCi2030_1000f,UNKNOWN,C4
POLES ENGAGE,EN_INDCi2030_1000f_COV,UNKNOWN,C4
POLES ENGAGE,EN_INDCi2030_1000f_COV_NDCp,UNKNOWN,C4
POLES ENGAGE,EN_INDCi2030_1000f_NDCp,UNKNOWN,C4
POLES ENGAGE,EN_INDCi2030_1200,UNKNOWN,C5
POLES ENGAGE,EN_INDCi2030_1200f,UNKNOWN,C5
POLES ENGAGE,EN_INDCi2030_1400,UNKNOWN,C6
POLES ENGAGE,EN_INDCi2030_1400f,UNKNOWN,C6
POLES ENGAGE,EN_INDCi2030_1600,UNKNOWN,C7
POLES ENGAGE,EN_INDCi2030_1600f,UNKNOWN,C7
POLES ENGAGE,EN_INDCi2030_1800,UNKNOWN,C8
POLES ENGAGE,EN_INDCi2030_1800f,UNKNOWN,C8
POLES ENGAGE,EN_INDCi2030_2000,UNKNOWN,C8
POLES ENGAGE,EN_INDCi2030_2000f,UNKNOWN,C8
POLES ENGAGE,EN_INDCi2030_2500,UNKNOWN,C2
POLES ENGAGE,EN_INDCi2030_2500f,UNKNOWN,C2
POLES ENGAGE,EN_INDCi2030_3000,UNKNOWN,C1
POLES ENGAGE,EN_INDCi2030_3000f,UNKNOWN,C1
POLES ENGAGE,EN_INDCi2030_300f,UNKNOWN,C1
POLES ENGAGE,EN_INDCi2030_400f,UNKNOWN,C1
POLES ENGAGE,EN_INDCi2030_500f,UNKNOWN,C2
POLES ENGAGE,EN_INDCi2030_600f,UNKNOWN,C2
POLES ENGAGE,EN_INDCi2030_600f_COV,UNKNOWN,C2
POLES ENGAGE,EN_INDCi2030_600f_COV_NDCp,UNKNOWN,C2
POLES ENGAGE,EN_INDCi2030_600f_NDCp,UNKNOWN,C2
POLES ENGAGE,EN_INDCi2030_700f,UNKNOWN,C3
POLES ENGAGE,EN_INDCi2030_800f,UNKNOWN,C3
POLES ENGAGE,EN_INDCi2030_900,UNKNOWN,C4
POLES ENGAGE,EN_INDCi2030_900f,UNKNOWN,C4
POLES ENGAGE,EN_INDCi2100,UNKNOWN,UNKNOWN
POLES ENGAGE,EN_INDCi2100_COV,UNKNOWN,UNKNOWN
POLES ENGAGE,EN_INDCi2100_COV_NDCp,UNKNOWN,UNKNOWN
POLES ENGAGE,EN_INDCi2100_NDCp,UNKNOWN,UNKNOWN
POLES ENGAGE,EN_NPi2020_1000,UNKNOWN,C4
POLES ENGAGE,EN_NPi2020_1000_COV,UNKNOWN,C4
POLES ENGAGE,EN_NPi2020_1000f,UNKNOWN,C4
POLES ENGAGE,EN_NPi2020_1000f_COV,UNKNOWN,C4
POLES ENGAGE,EN_NPi2020_1200,UNKNOWN,C5
POLES ENGAGE,EN_NPi2020_1200f,UNKNOWN,C5
POLES ENGAGE,EN_NPi2020_1400,UNKNOWN,C6
POLES ENGAGE,EN_NPi2020_1400f,UNKNOWN,C6
POLES ENGAGE,EN_NPi2020_1600,UNKNOWN,C7
POLES ENGAGE,EN_NPi2020_1600f,UNKNOWN,C7
POLES ENGAGE,EN_NPi2020_1800,UNKNOWN,C8
POLES ENGAGE,EN_NPi2020_1800f,UNKNOWN,C8
POLES ENGAGE,EN_NPi2020_2000,UNKNOWN,C8
POLES ENGAGE,EN_NPi2020_2000f,UNKNOWN,C8
POLES ENGAGE,EN_NPi2020_2500,UNKNOWN,C2
POLES ENGAGE,EN_NPi2020_2500f,UNKNOWN,C2
POLES ENGAGE,EN_NPi2020_3000,UNKNOWN,C1
POLES ENGAGE,EN_NPi2020_3000f,UNKNOWN,C1
POLES ENGAGE,EN_NPi2020_300f,UNKNOWN,C1
POLES ENGAGE,EN_NPi2020_400f,UNKNOWN,C1
POLES ENGAGE,EN_NPi2020_500,UNKNOWN,C2
POLES ENGAGE,EN_NPi2020_500f,UNKNOWN,C2
POLES ENGAGE,EN_NPi2020_600,UNKNOWN,C2
POLES ENGAGE,EN_NPi2020_600f,UNKNOWN,C2
POLES ENGAGE,EN_NPi2020_600f_COV,UNKNOWN,C2
POLES ENGAGE,EN_NPi2020_700,UNKNOWN,C3
POLES ENGAGE,EN_NPi2020_700f,UNKNOWN,C3
POLES ENGAGE,EN_NPi2020_800,UNKNOWN,C3
POLES ENGAGE,EN_NPi2020_800f,UNKNOWN,C3
POLES ENGAGE,EN_NPi2020_900,UNKNOWN,C4
POLES ENGAGE,EN_NPi2020_900f,UNKNOWN,C4
POLES ENGAGE,EN_NPi2100,UNKNOWN,C8
POLES ENGAGE,EN_NPi2100_COV,UNKNOWN,C8
POLES GECO2019,CO_2Deg2020,UNKNOWN,UNKNOWN
POLES GECO2019,CO_2Deg2030,UNKNOWN,UNKNOWN
POLES GECO2019,CO_BAU,UNKNOWN,UNKNOWN
POLES GECO2019,CO_Bridge,UNKNOWN,UNKNOWN
POLES GECO2019,CO_Bridge_notax,UNKNOWN,UNKNOWN
POLES GECO2019,CO_CurPol,UNKNOWN,UNKNOWN
POLES GECO2019,CO_GPP,UNKNOWN,UNKNOWN
POLES GECO2019,CO_GPP_notax,UNKNOWN,UNKNOWN
POLES GECO2019,CO_NDC_2050convergence,UNKNOWN,UNKNOWN
POLES GECO2019,CO_NDCplus,UNKNOWN,UNKNOWN
POLES GECO2019,NDCMCS,UNKNOWN,UNKNOWN
REMIND 2.1,CEMICS_GDPgrowth_1p5,UNKNOWN,UNKNOWN
REMIND 2.1,CEMICS_GDPgrowth_2C,UNKNOWN,UNKNOWN
REMIND 2.1,CEMICS_HotellingConst_1p5,UNKNOWN,UNKNOWN
REMIND 2.1,CEMICS_HotellingConst_2C,UNKNOWN,UNKNOWN
REMIND 2.1,CEMICS_Linear_1p5,UNKNOWN,UNKNOWN
REMIND 2.1,CEMICS_Linear_2C,UNKNOWN,UNKNOWN
REMIND 2.1,CEMICS_NPI,UNKNOWN,UNKNOWN
REMIND 2.1,CEMICS_opt_1p5,UNKNOWN,UNKNOWN
REMIND 2.1,CEMICS_opt_2C,UNKNOWN,UNKNOWN
REMIND 2.1,LeastTotalCost_Base_brkLR15_SSP1_P50,UNKNOWN,UNKNOWN
REMIND 2.1,LeastTotalCost_Base_brkLR15_SSP2_P50,UNKNOWN,UNKNOWN
REMIND 2.1,LeastTotalCost_Base_brkLR15_SSP5_P50,UNKNOWN,UNKNOWN
REMIND 2.1,LeastTotalCost_Base_brkSR15_SSP1_P50,UNKNOWN,UNKNOWN
REMIND 2.1,LeastTotalCost_Base_brkSR15_SSP2_P50,UNKNOWN,UNKNOWN
REMIND 2.1,LeastTotalCost_Base_brkSR15_SSP5_P50,UNKNOWN,UNKNOWN
REMIND 2.1,LeastTotalCost_CBA_brkLR15_SSP2_P50,UNKNOWN,UNKNOWN
REMIND 2.1,LeastTotalCost_CBA_brkSR15_SSP2_P50,UNKNOWN,UNKNOWN
REMIND 2.1,LeastTotalCost_CEA_brkLR15_SSP2_P50,UNKNOWN,UNKNOWN
REMIND 2.1,LeastTotalCost_CEA_brkSR15_SSP2_P50,UNKNOWN,UNKNOWN
REMIND 2.1,LeastTotalCost_LTC_brkLR15_SSP1_P50,UNKNOWN,UNKNOWN
REMIND 2.1,LeastTotalCost_LTC_brkLR15_SSP2_P50,UNKNOWN,UNKNOWN
REMIND 2.1,LeastTotalCost_LTC_brkLR15_SSP5_P50,UNKNOWN,UNKNOWN
REMIND 2.1,LeastTotalCost_LTC_brkSR15_SSP1_P50,UNKNOWN,UNKNOWN
REMIND 2.1,LeastTotalCost_LTC_brkSR15_SSP2_P50,UNKNOWN,UNKNOWN
REMIND 2.1,LeastTotalCost_LTC_brkSR15_SSP5_P50,UNKNOWN,UNKNOWN
REMIND 2.1,LeastTotalCost_NDC_brkLR15_SSP2_P50,UNKNOWN,UNKNOWN
REMIND 2.1,LeastTotalCost_NDC_brkSR15_SSP2_P50,UNKNOWN,UNKNOWN
REMIND 2.1,LeastTotalCost_NPi_brkLR15_SSP1_P50,UNKNOWN,C8
REMIND 2.1,LeastTotalCost_NPi_brkLR15_SSP2_P50,UNKNOWN,C8
REMIND 2.1,LeastTotalCost_NPi_brkLR15_SSP5_P50,UNKNOWN,C8
REMIND 2.1,LeastTotalCost_NPi_brkSR15_SSP1_P50,UNKNOWN,C8
REMIND 2.1,LeastTotalCost_NPi_brkSR15_SSP2_P50,UNKNOWN,C8
REMIND 2.1,LeastTotalCost_NPi_brkSR15_SSP5_P50,UNKNOWN,C8
REMIND 2.1,R2p1_SSP1-Base,UNKNOWN,UNKNOWN
REMIND 2.1,R2p1_SSP1-NDC,UNKNOWN,UNKNOWN
REMIND 2.1,R2p1_SSP1-NPi,UNKNOWN,C8
REMIND 2.1,R2p1_SSP1-PkBudg1100,UNKNOWN,C5
REMIND 2.1,R2p1_SSP1-PkBudg1300,UNKNOWN,C6
REMIND 2.1,R2p1_SSP1-PkBudg900,UNKNOWN,C4
REMIND 2.1,R2p1_SSP2-Base,UNKNOWN,UNKNOWN
REMIND 2.1,R2p1_SSP2-NDC,UNKNOWN,UNKNOWN
REMIND 2.1,R2p1_SSP2-NPi,UNKNOWN,C8
REMIND 2.1,R2p1_SSP2-PkBudg1100,UNKNOWN,C5
REMIND 2.1,R2p1_SSP2-PkBudg1300,UNKNOWN,C6
REMIND 2.1,R2p1_SSP2-PkBudg900,UNKNOWN,C4
REMIND 2.1,R2p1_SSP5-Base,UNKNOWN,UNKNOWN
REMIND 2.1,R2p1_SSP5-NDC,UNKNOWN,UNKNOWN
REMIND 2.1,R2p1_SSP5-NPi,UNKNOWN,C8
REMIND 2.1,R2p1_SSP5-PkBudg1100,UNKNOWN,C5
REMIND 2.1,R2p1_SSP5-PkBudg1300,UNKNOWN,C6
REMIND 2.1,R2p1_SSP5-PkBudg900,UNKNOWN,C4
REMIND 2.1,TechCost-SSP2-B1100-bioH,UNKNOWN,C5
REMIND 2.1,TechCost-SSP2-B1100-ccsH,UNKNOWN,C5
REMIND 2.1,TechCost-SSP2-B1100-coalH,UNKNOWN,C5
REMIND 2.1,TechCost-SSP2-B1100-elh2H,UNKNOWN,C5
REMIND 2.1,TechCost-SSP2-B1100-gasH,UNKNOWN,C5
REMIND 2.1,TechCost-SSP2-B1100-nucH,UNKNOWN,C5
REMIND 2.1,TechCost-SSP2-B1100-oilH,UNKNOWN,C5
REMIND 2.1,TechCost-SSP2-B1100-spvH,UNKNOWN,C5
REMIND 2.1,TechCost-SSP2-B1100-windH,UNKNOWN,C5
REMIND-Buildings 2.0,BEG-Base,UNKNOWN,UNKNOWN
REMIND-Buildings 2.0,BEG-Budg600,UNKNOWN,C2
REMIND-Buildings 2.0,BEG-Budg600-EG,UNKNOWN,C2
REMIND-Buildings 2.0,BEG-EG,UNKNOWN,UNKNOWN
REMIND-H13 2.1,START_BAU,UNKNOWN,UNKNOWN
REMIND-H13 2.1,START_Current_Policies,UNKNOWN,UNKNOWN
REMIND-H13 2.1,START_Net-zero,UNKNOWN,UNKNOWN
REMIND-H13 2.1,START_Net-zero_noLandUse_CDRlim,UNKNOWN,UNKNOWN
REMIND-H13 2.1,START_Net-zero_noNuc_lowVRE,UNKNOWN,UNKNOWN
REMIND-MAgPIE 1.7-3.0,CD-LINKS_INDC2030i_1000,C2,C2
REMIND-MAgPIE 1.7-3.0,CD-LINKS_INDC2030i_1600,C2,C2
REMIND-MAgPIE 1.7-3.0,CD-LINKS_INDC2030i_400,C2,C2
REMIND-MAgPIE 1.7-3.0,CD-LINKS_INDCi,UNKNOWN,UNKNOWN
REMIND-MAgPIE 1.7-3.0,CD-LINKS_NPi,UNKNOWN,C8
REMIND-MAgPIE 1.7-3.0,CD-LINKS_NPi2020_1000,UNKNOWN,C4
REMIND-MAgPIE 1.7-3.0,CD-LINKS_NPi2020_1600,UNKNOWN,C7
REMIND-MAgPIE 1.7-3.0,CD-LINKS_NPi2020_400,UNKNOWN,C1
REMIND-MAgPIE 1.7-3.0,CD-LINKS_NoPolicy,UNKNOWN,UNKNOWN
REMIND-MAgPIE 1.7-3.0,CO_2Deg2020,UNKNOWN,UNKNOWN
REMIND-MAgPIE 1.7-3.0,CO_2Deg2030,UNKNOWN,UNKNOWN
REMIND-MAgPIE 1.7-3.0,CO_BAU,UNKNOWN,UNKNOWN
REMIND-MAgPIE 1.7-3.0,CO_Bridge,UNKNOWN,UNKNOWN
REMIND-MAgPIE 1.7-3.0,CO_CurPol,UNKNOWN,UNKNOWN
REMIND-MAgPIE 1.7-3.0,CO_GPP,UNKNOWN,UNKNOWN
REMIND-MAgPIE 1.7-3.0,CO_NDCplus,UNKNOWN,UNKNOWN
REMIND-MAgPIE 1.7-3.0,PEP_1p5C_full_NDC,UNKNOWN,UNKNOWN
REMIND-MAgPIE 1.7-3.0,PEP_1p5C_full_eff,UNKNOWN,UNKNOWN
REMIND-MAgPIE 1.7-3.0,PEP_1p5C_full_goodpractice,UNKNOWN,UNKNOWN
REMIND-MAgPIE 1.7-3.0,PEP_1p5C_full_netzero,UNKNOWN,UNKNOWN
REMIND-MAgPIE 1.7-3.0,PEP_1p5C_red_eff,UNKNOWN,UNKNOWN
REMIND-MAgPIE 1.7-3.0,PEP_2C_full_NDC,UNKNOWN,UNKNOWN
REMIND-MAgPIE 1.7-3.0,PEP_2C_full_eff,UNKNOWN,UNKNOWN
REMIND-MAgPIE 1.7-3.0,PEP_2C_full_goodpractice,UNKNOWN,UNKNOWN
REMIND-MAgPIE 1.7-3.0,PEP_2C_full_netzero,UNKNOWN,UNKNOWN
REMIND-MAgPIE 1.7-3.0,PEP_2C_red_NDC,UNKNOWN,UNKNOWN
REMIND-MAgPIE 1.7-3.0,PEP_2C_red_eff,UNKNOWN,UNKNOWN
REMIND-MAgPIE 1.7-3.0,PEP_2C_red_goodpractice,UNKNOWN,UNKNOWN
REMIND-MAgPIE 1.7-3.0,PEP_2C_red_netzero,UNKNOWN,UNKNOWN
REMIND-MAgPIE 1.7-3.0,PEP_NDC,UNKNOWN,UNKNOWN
REMIND-MAgPIE 1.7-3.0,PEP_NPi,UNKNOWN,C8
REMIND-MAgPIE 1.7-3.0,PEP_NoPolicy,UNKNOWN,UNKNOWN
REMIND-MAgPIE 1.7-3.0,PEP_goodpractice,UNKNOWN,UNKNOWN
REMIND-MAgPIE 1.7-3.0,PEP_netzero,UNKNOWN,UNKNOWN
REMIND-MAgPIE 2.0-4.1,Diff_1300Gt_hybrid_def,UNKNOWN,C6
REMIND-MAgPIE 2.0-4.1,Diff_1300Gt_no-transfer_def,UNKNOWN,C6
REMIND-MAgPIE 2.0-4.1,Diff_1300Gt_uniform-pricing_def,UNKNOWN,C6
REMIND-MAgPIE 2.0-4.1,Diff_No-policy_baseline,UNKNOWN,UNKNOWN
REMIND-MAgPIE 2.1-4.2,CEMICS_SSP1-1p5C-fullCDR,UNKNOWN,UNKNOWN
REMIND-MAgPIE 2.1-4.2,CEMICS_SSP1-1p5C-minCDR,UNKNOWN,UNKNOWN
REMIND-MAgPIE 2.1-4.2,CEMICS_SSP1-Npi,UNKNOWN,UNKNOWN
REMIND-MAgPIE 2.1-4.2,CEMICS_SSP2-1p5C-fullCDR,UNKNOWN,UNKNOWN
REMIND-MAgPIE 2.1-4.2,CEMICS_SSP2-1p5C-minCDR,UNKNOWN,UNKNOWN
REMIND-MAgPIE 2.1-4.2,CEMICS_SSP2-2C-fullCDR,UNKNOWN,UNKNOWN
REMIND-MAgPIE 2.1-4.2,CEMICS_SSP2-2C-minCDR,UNKNOWN,UNKNOWN
REMIND-MAgPIE 2.1-4.2,CEMICS_SSP2-Npi,UNKNOWN,UNKNOWN
REMIND-MAgPIE 2.1-4.2,EN_INDCi2030_1000,UNKNOWN,C4
REMIND-MAgPIE 2.1-4.2,EN_INDCi2030_1000_COV,UNKNOWN,C4
REMIND-MAgPIE 2.1-4.2,EN_INDCi2030_1000_COV_NDCp,UNKNOWN,C4
REMIND-MAgPIE 2.1-4.2,EN_INDCi2030_1000_NDCp,UNKNOWN,C4
REMIND-MAgPIE 2.1-4.2,EN_INDCi2030_1000f,UNKNOWN,C4
REMIND-MAgPIE 2.1-4.2,EN_INDCi2030_1000f_COV,UNKNOWN,C4
REMIND-MAgPIE 2.1-4.2,EN_INDCi2030_1000f_COV_NDCp,UNKNOWN,C4
REMIND-MAgPIE 2.1-4.2,EN_INDCi2030_1000f_NDCp,UNKNOWN,C4
REMIND-MAgPIE 2.1-4.2,EN_INDCi2030_1200,UNKNOWN,C5
REMIND-MAgPIE 2.1-4.2,EN_INDCi2030_1200f,UNKNOWN,C5
REMIND-MAgPIE 2.1-4.2,EN_INDCi2030_1400,UNKNOWN,C6
REMIND-MAgPIE 2.1-4.2,EN_INDCi2030_1400f,UNKNOWN,C6
REMIND-MAgPIE 2.1-4.2,EN_INDCi2030_1600,UNKNOWN,C7
REMIND-MAgPIE 2.1-4.2,EN_INDCi2030_1600f,UNKNOWN,C7
REMIND-MAgPIE 2.1-4.2,EN_INDCi2030_1800,UNKNOWN,C8
REMIND-MAgPIE 2.1-4.2,EN_INDCi2030_1800f,UNKNOWN,C8
REMIND-MAgPIE 2.1-4.2,EN_INDCi2030_2000,UNKNOWN,C8
REMIND-MAgPIE 2.1-4.2,EN_INDCi2030_2000f,UNKNOWN,C8
REMIND-MAgPIE 2.1-4.2,EN_INDCi2030_2500,UNKNOWN,C2
REMIND-MAgPIE 2.1-4.2,EN_INDCi2030_2500f,UNKNOWN,C2
REMIND-MAgPIE 2.1-4.2,EN_INDCi2030_3000,UNKNOWN,C1
REMIND-MAgPIE 2.1-4.2,EN_INDCi2030_3000f,UNKNOWN,C1
REMIND-MAgPIE 2.1-4.2,EN_INDCi2030_300f,UNKNOWN,C1
REMIND-MAgPIE 2.1-4.2,EN_INDCi2030_400f,UNKNOWN,C1
REMIND-MAgPIE 2.1-4.2,EN_INDCi2030_500f,UNKNOWN,C2
REMIND-MAgPIE 2.1-4.2,EN_INDCi2030_600_COV,UNKNOWN,C2
REMIND-MAgPIE 2.1-4.2,EN_INDCi2030_600_COV_NDCp,UNKNOWN,C2
REMIND-MAgPIE 2.1-4.2,EN_INDCi2030_600f,UNKNOWN,C2
REMIND-MAgPIE 2.1-4.2,EN_INDCi2030_600f_COV,UNKNOWN,C2
REMIND-MAgPIE 2.1-4.2,EN_INDCi2030_600f_COV_NDCp,UNKNOWN,C2
REMIND-MAgPIE 2.1-4.2,EN_INDCi2030_600f_NDCp,UNKNOWN,C2
REMIND-MAgPIE 2.1-4.2,EN_INDCi2030_700,UNKNOWN,C3
REMIND-MAgPIE 2.1-4.2,EN_INDCi2030_700f,UNKNOWN,C3
REMIND-MAgPIE 2.1-4.2,EN_INDCi2030_800,UNKNOWN,C3
REMIND-MAgPIE 2.1-4.2,EN_INDCi2030_800f,UNKNOWN,C3
REMIND-MAgPIE 2.1-4.2,EN_INDCi2030_900,UNKNOWN,C4
REMIND-MAgPIE 2.1-4.2,EN_INDCi2030_900f,UNKNOWN,C4
REMIND-MAgPIE 2.1-4.2,EN_INDCi2100,UNKNOWN,UNKNOWN
REMIND-MAgPIE 2.1-4.2,EN_INDCi2100_COV,UNKNOWN,UNKNOWN
REMIND-MAgPIE 2.1-4.2,EN_INDCi2100_COV_NDCp,UNKNOWN,UNKNOWN
REMIND-MAgPIE 2.1-4.2,EN_INDCi2100_NDCp,UNKNOWN,UNKNOWN
REMIND-MAgPIE 2.1-4.2,EN_NPi2020_1000,UNKNOWN,C4
REMIND-MAgPIE 2.1-4.2,EN_NPi2020_1000_COV,UNKNOWN,C4
REMIND-MAgPIE 2.1-4.2,EN_NPi2020_1000f,UNKNOWN,C4
REMIND-MAgPIE 2.1-4.2,EN_NPi2020_1000f_COV,UNKNOWN,C4
REMIND-MAgPIE 2.1-4.2,EN_NPi2020_1200,UNKNOWN,C5
REMIND-MAgPIE 2.1-4.2,EN_NPi2020_1200f,UNKNOWN,C5
REMIND-MAgPIE 2.1-4.2,EN_NPi2020_1400,UNKNOWN,C6
REMIND-MAgPIE 2.1-4.2,EN_NPi2020_1400f,UNKNOWN,C6
REMIND-MAgPIE 2.1-4.2,EN_NPi2020_1600,UNKNOWN,C7
REMIND-MAgPIE 2.1-4.2,EN_NPi2020_1600f,UNKNOWN,C7
REMIND-MAgPIE 2.1-4.2,EN_NPi2020_1800,UNKNOWN,C8
REMIND-MAgPIE 2.1-4.2,EN_NPi2020_1800f,UNKNOWN,C8
REMIND-MAgPIE 2.1-4.2,EN_NPi2020_2000,UNKNOWN,C8
REMIND-MAgPIE 2.1-4.2,EN_NPi2020_2000f,UNKNOWN,C8
REMIND-MAgPIE 2.1-4.2,EN_NPi2020_200f,UNKNOWN,C8
REMIND-MAgPIE 2.1-4.2,EN_NPi2020_2500,UNKNOWN,C2
REMIND-MAgPIE 2.1-4.2,EN_NPi2020_2500f,UNKNOWN,C2
REMIND-MAgPIE 2.1-4.2,EN_NPi2020_3000,UNKNOWN,C1
REMIND-MAgPIE 2.1-4.2,EN_NPi2020_3000f,UNKNOWN,C1
REMIND-MAgPIE 2.1-4.2,EN_NPi2020_300f,UNKNOWN,C1
REMIND-MAgPIE 2.1-4.2,EN_NPi2020_400,UNKNOWN,C1
REMIND-MAgPIE 2.1-4.2,EN_NPi2020_400f,UNKNOWN,C1
REMIND-MAgPIE 2.1-4.2,EN_NPi2020_500,UNKNOWN,C2
REMIND-MAgPIE 2.1-4.2,EN_NPi2020_500f,UNKNOWN,C2
REMIND-MAgPIE 2.1-4.2,EN_NPi2020_600,UNKNOWN,C2
REMIND-MAgPIE 2.1-4.2,EN_NPi2020_600_COV,UNKNOWN,C2
REMIND-MAgPIE 2.1-4.2,EN_NPi2020_600f,UNKNOWN,C2
REMIND-MAgPIE 2.1-4.2,EN_NPi2020_600f_COV,UNKNOWN,C2
REMIND-MAgPIE 2.1-4.2,EN_NPi2020_700,UNKNOWN,C3
REMIND-MAgPIE 2.1-4.2,EN_NPi2020_700f,UNKNOWN,C3
REMIND-MAgPIE 2.1-4.2,EN_NPi2020_800,UNKNOWN,C3
REMIND-MAgPIE 2.1-4.2,EN_NPi2020_800f,UNKNOWN,C3
REMIND-MAgPIE 2.1-4.2,EN_NPi2020_900,UNKNOWN,C4
REMIND-MAgPIE 2.1-4.2,EN_NPi2020_900f,UNKNOWN,C4
REMIND-MAgPIE 2.1-4.2,EN_NPi2100,UNKNOWN,C8
REMIND-MAgPIE 2.1-4.2,EN_NPi2100_COV,UNKNOWN,C8
REMIND-MAgPIE 2.1-4.2,EN_NoPolicy,UNKNOWN,UNKNOWN
REMIND-MAgPIE 2.1-4.2,NGFS2_Below 2°C,UNKNOWN,UNKNOWN
REMIND-MAgPIE 2.1-4.2,NGFS2_Below 2°C - IPD-95th,UNKNOWN,UNKNOWN
REMIND-MAgPIE 2.1-4.2,NGFS2_Below 2°C - IPD-median,UNKNOWN,UNKNOWN
REMIND-MAgPIE 2.1-4.2,NGFS2_Current Policies,UNKNOWN,UNKNOWN
REMIND-MAgPIE 2.1-4.2,NGFS2_Current Policies - IPD-95th,UNKNOWN,UNKNOWN
REMIND-MAgPIE 2.1-4.2,NGFS2_Current Policies - IPD-median,UNKNOWN,UNKNOWN
REMIND-MAgPIE 2.1-4.2,NGFS2_Delayed Transition,UNKNOWN,UNKNOWN
REMIND-MAgPIE 2.1-4.2,NGFS2_Divergent Net Zero Policies,UNKNOWN,UNKNOWN
REMIND-MAgPIE 2.1-4.2,NGFS2_Nationally Determined Contributions (NDCs),UNKNOWN,UNKNOWN
REMIND-MAgPIE 2.1-4.2,NGFS2_Net-Zero 2050,UNKNOWN,UNKNOWN
REMIND-MAgPIE 2.1-4.2,NGFS2_Net-Zero 2050 - IPD-95th,UNKNOWN,UNKNOWN
REMIND-MAgPIE 2.1-4.2,NGFS2_Net-Zero 2050 - IPD-median,UNKNOWN,UNKNOWN
REMIND-MAgPIE 2.1-4.2,SusDev_SDP-NPi,UNKNOWN,C8
REMIND-MAgPIE 2.1-4.2,SusDev_SDP-PkBudg1000,UNKNOWN,C4
REMIND-MAgPIE 2.1-4.2,SusDev_SSP1-NDC,UNKNOWN,UNKNOWN
REMIND-MAgPIE 2.1-4.2,SusDev_SSP1-NPi,UNKNOWN,C8
REMIND-MAgPIE 2.1-4.2,SusDev_SSP1-PkBudg900,UNKNOWN,C4
REMIND-MAgPIE 2.1-4.2,SusDev_SSP2-NDC,UNKNOWN,UNKNOWN
REMIND-MAgPIE 2.1-4.2,SusDev_SSP2-NPi,UNKNOWN,C8
REMIND-MAgPIE 2.1-4.2,SusDev_SSP2-PkBudg900,UNKNOWN,C4
REMIND-MAgPIE 2.1-4.3,DeepElec_SSP2_ HighRE_Budg1100,UNKNOWN,C5
REMIND-MAgPIE 2.1-4.3,DeepElec_SSP2_ HighRE_Budg1300,UNKNOWN,C6
REMIND-MAgPIE 2.1-4.3,DeepElec_SSP2_ HighRE_Budg900,UNKNOWN,C4
REMIND-MAgPIE 2.1-4.3,DeepElec_SSP2_Base,UNKNOWN,UNKNOWN
REMIND-MAgPIE 2.1-4.3,DeepElec_SSP2_Npi,UNKNOWN,UNKNOWN
REMIND-MAgPIE 2.1-4.3,DeepElec_SSP2_def_Budg1100,UNKNOWN,C5
REMIND-MAgPIE 2.1-4.3,DeepElec_SSP2_def_Budg1300,UNKNOWN,C6
REMIND-MAgPIE 2.1-4.3,DeepElec_SSP2_def_Budg900,UNKNOWN,C4
REMIND-Transport 2.1,Transport_Budg1100_Conv,UNKNOWN,C5
REMIND-Transport 2.1,Transport_Budg1100_Conv-LowD,UNKNOWN,C5
REMIND-Transport 2.1,Transport_Budg1100_ConvSyn,UNKNOWN,C5
REMIND-Transport 2.1,Transport_Budg1100_ElecPush,UNKNOWN,C5
REMIND-Transport 2.1,Transport_Budg1100_ElecPush-LowD,UNKNOWN,C5
REMIND-Transport 2.1,Transport_Budg1100_H2Push,UNKNOWN,C5
REMIND-Transport 2.1,Transport_NDC_Conv,UNKNOWN,UNKNOWN
REMIND-Transport 2.1,Transport_NPi_Conv,UNKNOWN,C8
TIAM-ECN 1.1,EN_INDCi2030_1000,UNKNOWN,C4
TIAM-ECN 1.1,EN_INDCi2030_1000_COV,UNKNOWN,C4
TIAM-ECN 1.1,EN_INDCi2030_1000_NDCp,UNKNOWN,C4
TIAM-ECN 1.1,EN_INDCi2030_1000f,UNKNOWN,C4
TIAM-ECN 1.1,EN_INDCi2030_1000f_COV,UNKNOWN,C4
TIAM-ECN 1.1,EN_INDCi2030_1000f_NDCp,UNKNOWN,C4
TIAM-ECN 1.1,EN_INDCi2030_1200,UNKNOWN,C5
TIAM-ECN 1.1,EN_INDCi2030_1200f,UNKNOWN,C5
TIAM-ECN 1.1,EN_INDCi2030_1400,UNKNOWN,C6
TIAM-ECN 1.1,EN_INDCi2030_1400f,UNKNOWN,C6
TIAM-ECN 1.1,EN_INDCi2030_1600,UNKNOWN,C7
TIAM-ECN 1.1,EN_INDCi2030_1600f,UNKNOWN,C7
TIAM-ECN 1.1,EN_INDCi2030_2000,UNKNOWN,C8
TIAM-ECN 1.1,EN_INDCi2030_2000f,UNKNOWN,C8
TIAM-ECN 1.1,EN_INDCi2030_2500,UNKNOWN,C2
TIAM-ECN 1.1,EN_INDCi2030_2500f,UNKNOWN,C2
TIAM-ECN 1.1,EN_INDCi2030_3000,UNKNOWN,C1
TIAM-ECN 1.1,EN_INDCi2030_3000f,UNKNOWN,C1
TIAM-ECN 1.1,EN_INDCi2030_900,UNKNOWN,C4
TIAM-ECN 1.1,EN_INDCi2030_900f,UNKNOWN,C4
TIAM-ECN 1.1,EN_INDCi2100,UNKNOWN,UNKNOWN
TIAM-ECN 1.1,EN_INDCi2100_COV,UNKNOWN,UNKNOWN
TIAM-ECN 1.1,EN_INDCi2100_NDCp,UNKNOWN,UNKNOWN
TIAM-ECN 1.1,EN_NPi2020_1000,UNKNOWN,C4
TIAM-ECN 1.1,EN_NPi2020_1000_COV,UNKNOWN,C4
TIAM-ECN 1.1,EN_NPi2020_1000f,UNKNOWN,C4
TIAM-ECN 1.1,EN_NPi2020_1000f_COV,UNKNOWN,C4
TIAM-ECN 1.1,EN_NPi2020_1200,UNKNOWN,C5
TIAM-ECN 1.1,EN_NPi2020_1200f,UNKNOWN,C5
TIAM-ECN 1.1,EN_NPi2020_1400,UNKNOWN,C6
TIAM-ECN 1.1,EN_NPi2020_1400f,UNKNOWN,C6
TIAM-ECN 1.1,EN_NPi2020_1600,UNKNOWN,C7
TIAM-ECN 1.1,EN_NPi2020_1600f,UNKNOWN,C7
TIAM-ECN 1.1,EN_NPi2020_2000,UNKNOWN,C8
TIAM-ECN 1.1,EN_NPi2020_2000f,UNKNOWN,C8
TIAM-ECN 1.1,EN_NPi2020_2500,UNKNOWN,C2
TIAM-ECN 1.1,EN_NPi2020_2500f,UNKNOWN,C2
TIAM-ECN 1.1,EN_NPi2020_3000,UNKNOWN,C1
TIAM-ECN 1.1,EN_NPi2020_3000f,UNKNOWN,C1
TIAM-ECN 1.1,EN_NPi2020_800,UNKNOWN,C3
TIAM-ECN 1.1,EN_NPi2020_800f,UNKNOWN,C3
TIAM-ECN 1.1,EN_NPi2020_900,UNKNOWN,C4
TIAM-ECN 1.1,EN_NPi2020_900f,UNKNOWN,C4
TIAM-ECN 1.1,EN_NPi2100,UNKNOWN,C8
TIAM-ECN 1.1,EN_NPi2100_COV,UNKNOWN,C8
WITCH 4.6,DISCRATE_Ref_dr2p,UNKNOWN,UNKNOWN
WITCH 4.6,DISCRATE_Ref_dr3p,UNKNOWN,UNKNOWN
WITCH 4.6,DISCRATE_Ref_dr4p,UNKNOWN,UNKNOWN
WITCH 4.6,DISCRATE_Ref_dr5p,UNKNOWN,UNKNOWN
WITCH 5.0,CO_2Deg2020,UNKNOWN,UNKNOWN
WITCH 5.0,CO_2Deg2030,UNKNOWN,UNKNOWN
WITCH 5.0,CO_BAU,UNKNOWN,UNKNOWN
WITCH 5.0,CO_Bridge,UNKNOWN,UNKNOWN
WITCH 5.0,CO_CurPol,UNKNOWN,UNKNOWN
WITCH 5.0,CO_GPP,UNKNOWN,UNKNOWN
WITCH 5.0,CO_NDC_2050convergence,UNKNOWN,UNKNOWN
WITCH 5.0,CO_NDCplus,UNKNOWN,UNKNOWN
WITCH 5.0,EN_INDCi2030_1000,UNKNOWN,C4
WITCH 5.0,EN_INDCi2030_1000_NDCp,UNKNOWN,C4
WITCH 5.0,EN_INDCi2030_1000f,UNKNOWN,C4
WITCH 5.0,EN_INDCi2030_1000f_NDCp,UNKNOWN,C4
WITCH 5.0,EN_INDCi2030_1200,UNKNOWN,C5
WITCH 5.0,EN_INDCi2030_1200_NDCp,UNKNOWN,C5
WITCH 5.0,EN_INDCi2030_1200f,UNKNOWN,C5
WITCH 5.0,EN_INDCi2030_1200f_NDCp,UNKNOWN,C5
WITCH 5.0,EN_INDCi2030_1400,UNKNOWN,C6
WITCH 5.0,EN_INDCi2030_1400_NDCp,UNKNOWN,C6
WITCH 5.0,EN_INDCi2030_1400f,UNKNOWN,C6
WITCH 5.0,EN_INDCi2030_1400f_NDCp,UNKNOWN,C6
WITCH 5.0,EN_INDCi2030_1600,UNKNOWN,C7
WITCH 5.0,EN_INDCi2030_1600_NDCp,UNKNOWN,C7
WITCH 5.0,EN_INDCi2030_1600f,UNKNOWN,C7
WITCH 5.0,EN_INDCi2030_1600f_NDCp,UNKNOWN,C7
WITCH 5.0,EN_INDCi2030_1800,UNKNOWN,C8
WITCH 5.0,EN_INDCi2030_1800_NDCp,UNKNOWN,C8
WITCH 5.0,EN_INDCi2030_1800f,UNKNOWN,C8
WITCH 5.0,EN_INDCi2030_1800f_NDCp,UNKNOWN,C8
WITCH 5.0,EN_INDCi2030_2000,UNKNOWN,C8
WITCH 5.0,EN_INDCi2030_2000_NDCp,UNKNOWN,C8
WITCH 5.0,EN_INDCi2030_2000f,UNKNOWN,C8
WITCH 5.0,EN_INDCi2030_2000f_NDCp,UNKNOWN,C8
WITCH 5.0,EN_INDCi2030_2500,UNKNOWN,C2
WITCH 5.0,EN_INDCi2030_2500_NDCp,UNKNOWN,C2
WITCH 5.0,EN_INDCi2030_2500f,UNKNOWN,C2
WITCH 5.0,EN_INDCi2030_2500f_NDCp,UNKNOWN,C2
WITCH 5.0,EN_INDCi2030_3000,UNKNOWN,C1
WITCH 5.0,EN_INDCi2030_3000_NDCp,UNKNOWN,C1
WITCH 5.0,EN_INDCi2030_3000f,UNKNOWN,C1
WITCH 5.0,EN_INDCi2030_3000f_NDCp,UNKNOWN,C1
WITCH 5.0,EN_INDCi2030_500f,UNKNOWN,C2
WITCH 5.0,EN_INDCi2030_600f,UNKNOWN,C2
WITCH 5.0,EN_INDCi2030_600f_NDCp,UNKNOWN,C2
WITCH 5.0,EN_INDCi2030_700f,UNKNOWN,C3
WITCH 5.0,EN_INDCi2030_700f_NDCp,UNKNOWN,C3
WITCH 5.0,EN_INDCi2030_800,UNKNOWN,C3
WITCH 5.0,EN_INDCi2030_800_NDCp,UNKNOWN,C3
WITCH 5.0,EN_INDCi2030_800f,UNKNOWN,C3
WITCH 5.0,EN_INDCi2030_800f_NDCp,UNKNOWN,C3
WITCH 5.0,EN_INDCi2030_900,UNKNOWN,C4
WITCH 5.0,EN_INDCi2030_900_NDCp,UNKNOWN,C4
WITCH 5.0,EN_INDCi2030_900f,UNKNOWN,C4
WITCH 5.0,EN_INDCi2030_900f_NDCp,UNKNOWN,C4
WITCH 5.0,EN_INDCi2100,UNKNOWN,UNKNOWN
WITCH 5.0,EN_INDCi2100_NDCp,UNKNOWN,UNKNOWN
WITCH 5.0,EN_NPi2020_1000,UNKNOWN,C4
WITCH 5.0,EN_NPi2020_1000f,UNKNOWN,C4
WITCH 5.0,EN_NPi2020_1200,UNKNOWN,C5
WITCH 5.0,EN_NPi2020_1200f,UNKNOWN,C5
WITCH 5.0,EN_NPi2020_1400,UNKNOWN,C6
WITCH 5.0,EN_NPi2020_1400f,UNKNOWN,C6
WITCH 5.0,EN_NPi2020_1600,UNKNOWN,C7
WITCH 5.0,EN_NPi2020_1600f,UNKNOWN,C7
WITCH 5.0,EN_NPi2020_1800,UNKNOWN,C8
WITCH 5.0,EN_NPi2020_1800f,UNKNOWN,C8
WITCH 5.0,EN_NPi2020_2000,UNKNOWN,C8
WITCH 5.0,EN_NPi2020_2000f,UNKNOWN,C8
WITCH 5.0,EN_NPi2020_2500,UNKNOWN,C2
WITCH 5.0,EN_NPi2020_2500f,UNKNOWN,C2
WITCH 5.0,EN_NPi2020_3000,UNKNOWN,C1
WITCH 5.0,EN_NPi2020_3000f,UNKNOWN,C1
WITCH 5.0,EN_NPi2020_400f,UNKNOWN,C1
WITCH 5.0,EN_NPi2020_450,UNKNOWN,C8
WITCH 5.0,EN_NPi2020_450f,UNKNOWN,C8
WITCH 5.0,EN_NPi2020_500,UNKNOWN,C2
WITCH 5.0,EN_NPi2020_500f,UNKNOWN,C2
WITCH 5.0,EN_NPi2020_600,UNKNOWN,C2
WITCH 5.0,EN_NPi2020_600f,UNKNOWN,C2
WITCH 5.0,EN_NPi2020_700,UNKNOWN,C3
WITCH 5.0,EN_NPi2020_700f,UNKNOWN,C3
WITCH 5.0,EN_NPi2020_800,UNKNOWN,C3
WITCH 5.0,EN_NPi2020_800f,UNKNOWN,C3
WITCH 5.0,EN_NPi2020_900,UNKNOWN,C4
WITCH 5.0,EN_NPi2020_900f,UNKNOWN,C4
WITCH 5.0,EN_NPi2100,UNKNOWN,C8
WITCH 5.0,EN_NoPolicy,UNKNOWN,UNKNOWN
